package,in_degree,out_degree,betweenness,is_topN
@7nohe/openapi-react-query-codegen,0,1,0.000000,True
@ag-grid-community/react,0,1,0.000000,True
@ai-sdk/provider-utils,1,0,0.000000,False
@ai-sdk/react,1,4,0.000000,True
@alcalzone/ansi-tokenize,1,0,0.000000,False
@algolia/autocomplete-core,1,0,0.000000,False
@amplitude/analytics-core,1,0,0.000000,False
@amplitude/analytics-react-native,0,4,0.000000,True
@amplitude/ua-parser-js,1,0,0.000000,False
@ant-design/fast-color,1,0,0.000000,False
@ant-design/react-slick,0,5,0.000000,True
@apollo/client,5,0,0.000000,False
@apollo/react-common,1,2,0.000000,True
@apollo/react-components,1,1,0.000000,True
@apollo/react-hoc,1,1,0.000000,True
@apollo/react-hooks,1,1,0.000000,True
@apollo/react-ssr,1,1,0.000000,True
@apollo/react-testing,0,1,0.000000,True
@ariakit/core,1,0,0.000000,False
@ariakit/react,0,1,0.000000,True
@ariakit/react-core,1,3,0.000000,True
@ark-ui/react,1,0,0.000000,False
@assistant-ui/react,0,17,0.000000,True
@assistant-ui/react-markdown,0,5,0.000000,True
@assistant-ui/tap,1,0,0.000000,False
@astrojs/react,0,3,0.000000,True
@asyncapi/avro-schema-parser,1,0,0.000000,False
@asyncapi/generator-react-sdk,0,10,0.000000,True
@asyncapi/openapi-schema-parser,1,0,0.000000,False
@asyncapi/parser,2,0,0.000000,False
@asyncapi/protobuf-schema-parser,1,0,0.000000,False
@asyncapi/react-component,0,10,0.000000,True
@atlaskit/pragmatic-drag-and-drop,1,0,0.000000,False
@atlaskit/pragmatic-drag-and-drop-react-beautiful-dnd-migration,1,0,0.000000,False
@auth0/auth0-react,0,1,0.000000,True
@auth0/auth0-spa-js,2,0,0.000000,False
@aws-amplify/ui,2,0,0.000000,False
@aws-amplify/ui-react,0,9,0.000000,True
@aws-amplify/ui-react-core,1,5,0.000000,True
@azure/msal-react,0,0,0.000000,True
@babel/code-frame,1,0,0.000000,False
@babel/core,17,0,0.000000,False
@babel/eslint-parser,3,0,0.000000,False
@babel/generator,3,0,0.000000,False
@babel/helper-annotate-as-pure,3,0,0.000000,False
@babel/helper-builder-react-jsx,0,2,0.000000,True
@babel/helper-module-imports,2,0,0.000000,False
@babel/helper-plugin-utils,4,0,0.000000,False
@babel/helper-validator-option,1,0,0.000000,False
@babel/parser,6,0,0.000000,False
@babel/plugin-proposal-class-properties,1,0,0.000000,False
@babel/plugin-proposal-decorators,1,0,0.000000,False
@babel/plugin-proposal-export-default-from,1,0,0.000000,False
@babel/plugin-proposal-nullish-coalescing-operator,1,0,0.000000,False
@babel/plugin-proposal-numeric-separator,1,0,0.000000,False
@babel/plugin-proposal-optional-chaining,1,0,0.000000,False
@babel/plugin-proposal-private-methods,2,0,0.000000,False
@babel/plugin-proposal-private-property-in-object,1,0,0.000000,False
@babel/plugin-syntax-dynamic-import,1,0,0.000000,False
@babel/plugin-syntax-export-default-from,1,0,0.000000,False
@babel/plugin-syntax-jsx,2,0,0.000000,False
@babel/plugin-syntax-nullish-coalescing-operator,1,0,0.000000,False
@babel/plugin-syntax-optional-chaining,1,0,0.000000,False
@babel/plugin-transform-arrow-functions,2,0,0.000000,False
@babel/plugin-transform-async-generator-functions,1,0,0.000000,False
@babel/plugin-transform-async-to-generator,1,0,0.000000,False
@babel/plugin-transform-block-scoping,1,0,0.000000,False
@babel/plugin-transform-class-properties,2,0,0.000000,False
@babel/plugin-transform-classes,2,0,0.000000,False
@babel/plugin-transform-computed-properties,1,0,0.000000,False
@babel/plugin-transform-destructuring,1,0,0.000000,False
@babel/plugin-transform-flow-strip-types,3,0,0.000000,False
@babel/plugin-transform-for-of,1,0,0.000000,False
@babel/plugin-transform-function-name,1,0,0.000000,False
@babel/plugin-transform-literals,1,0,0.000000,False
@babel/plugin-transform-logical-assignment-operators,1,0,0.000000,False
@babel/plugin-transform-modules-commonjs,1,0,0.000000,False
@babel/plugin-transform-named-capturing-groups-regex,1,0,0.000000,False
@babel/plugin-transform-nullish-coalescing-operator,2,0,0.000000,False
@babel/plugin-transform-numeric-separator,1,0,0.000000,False
@babel/plugin-transform-object-rest-spread,1,0,0.000000,False
@babel/plugin-transform-optional-catch-binding,1,0,0.000000,False
@babel/plugin-transform-optional-chaining,2,0,0.000000,False
@babel/plugin-transform-parameters,1,0,0.000000,False
@babel/plugin-transform-private-methods,1,0,0.000000,False
@babel/plugin-transform-private-property-in-object,1,0,0.000000,False
@babel/plugin-transform-react-constant-elements,0,1,0.000000,True
@babel/plugin-transform-react-display-name,3,0,0.000000,False
@babel/plugin-transform-react-jsx,3,5,0.000000,True
@babel/plugin-transform-react-jsx-development,1,1,0.000000,True
@babel/plugin-transform-react-jsx-self,2,0,0.000000,False
@babel/plugin-transform-react-jsx-source,2,0,0.000000,False
@babel/plugin-transform-react-pure-annotations,1,2,0.000000,True
@babel/plugin-transform-regenerator,1,0,0.000000,False
@babel/plugin-transform-runtime,2,0,0.000000,False
@babel/plugin-transform-shorthand-properties,2,0,0.000000,False
@babel/plugin-transform-spread,1,0,0.000000,False
@babel/plugin-transform-sticky-regex,1,0,0.000000,False
@babel/plugin-transform-strict-mode,1,0,0.000000,False
@babel/plugin-transform-template-literals,1,0,0.000000,False
@babel/plugin-transform-typescript,1,0,0.000000,False
@babel/plugin-transform-unicode-regex,2,0,0.000000,False
@babel/preset-env,4,0,0.000000,False
@babel/preset-react,5,6,0.000000,True
@babel/preset-typescript,4,0,0.000000,False
@babel/runtime,83,0,0.000000,False
@babel/template,1,0,0.000000,False
@babel/traverse,5,0,0.000000,False
@babel/types,8,0,0.000000,False
@bkrem/react-transition-group,1,0,0.000000,False
@braintree/sanitize-url,2,0,0.000000,False
@braze/react-native-sdk,0,0,0.000000,True
@bugsnag/plugin-react,0,0,0.000000,True
@callstack/react-theme-provider,2,2,0.000000,True
@carbon/feature-flags,1,0,0.000000,False
@carbon/icons-react,1,0,0.000000,False
@carbon/layout,1,0,0.000000,False
@carbon/react,0,18,0.000000,True
@carbon/styles,1,0,0.000000,False
@carbon/utilities,1,0,0.000000,False
@casl/react,0,0,0.000000,True
@chakra-ui/event-utils,1,0,0.000000,False
@chakra-ui/react,0,7,0.000000,True
@chakra-ui/react-use-callback-ref,1,0,0.000000,False
@chakra-ui/react-use-latest-ref,1,0,0.000000,False
@chakra-ui/react-use-pan-event,0,3,0.000000,True
@chakra-ui/react-use-previous,0,0,0.000000,True
@chakra-ui/react-use-timeout,0,1,0.000000,True
@chakra-ui/react-utils,0,1,0.000000,True
@chakra-ui/utils,1,0,0.000000,False
@clack/core,1,0,0.000000,False
@clack/prompts,1,0,0.000000,False
@clerk/clerk-react,0,2,0.000000,True
@clerk/shared,1,0,0.000000,False
@cloudinary/html,1,0,0.000000,False
@cloudinary/react,0,1,0.000000,True
@codemirror/commands,1,0,0.000000,False
@codemirror/state,1,0,0.000000,False
@codemirror/theme-one-dark,1,0,0.000000,False
@concordance/react,0,1,0.000000,True
@conform-to/dom,1,0,0.000000,False
@conform-to/react,0,1,0.000000,True
@coreui/chartjs,1,0,0.000000,False
@coreui/icons-react,0,0,0.000000,True
@coreui/react-chartjs,0,2,0.000000,True
@cubejs-client/core,1,0,0.000000,False
@cubejs-client/react,0,4,0.000000,True
@cyntler/react-doc-viewer,0,8,0.000000,True
@cypress/react,0,0,0.000000,True
@datadog/browser-core,1,0,0.000000,False
@datadog/browser-rum-core,1,0,0.000000,False
@datadog/browser-rum-react,0,2,0.000000,True
@date-fns/tz,1,0,0.000000,False
@datepicker-react/hooks,0,1,0.000000,True
@deck.gl/react,0,0,0.000000,True
@descope/access-key-management-widget,1,0,0.000000,False
@descope/applications-portal-widget,1,0,0.000000,False
@descope/audit-management-widget,1,0,0.000000,False
@descope/core-js-sdk,1,0,0.000000,False
@descope/react-sdk,0,11,0.000000,True
@descope/role-management-widget,1,0,0.000000,False
@descope/sdk-helpers,1,0,0.000000,False
@descope/tenant-profile-widget,1,0,0.000000,False
@descope/user-management-widget,1,0,0.000000,False
@descope/user-profile-widget,1,0,0.000000,False
@descope/web-component,1,0,0.000000,False
@descope/web-js-sdk,1,0,0.000000,False
@didomi/react,0,1,0.000000,True
@docsearch/core,1,0,0.000000,False
@docsearch/css,1,0,0.000000,False
@docsearch/react,0,8,0.000000,True
@edsdk/n1ed-react,0,3,0.000000,True
@egjs/hammerjs,1,0,0.000000,False
@elevenlabs/client,1,0,0.000000,False
@elevenlabs/react,0,1,0.000000,True
@emotion/babel-plugin,1,0,0.000000,False
@emotion/cache,2,0,0.000000,False
@emotion/core,1,0,0.000000,False
@emotion/css,1,0,0.000000,False
@emotion/is-prop-valid,2,0,0.000000,False
@emotion/react,1,8,0.000000,True
@emotion/serialize,3,0,0.000000,False
@emotion/styled,2,0,0.000000,False
@emotion/use-insertion-effect-with-fallbacks,2,0,0.000000,False
@emotion/utils,3,0,0.000000,False
@emotion/weak-memoize,1,0,0.000000,False
@eslint-react/ast,2,0,0.000000,False
@eslint-react/core,2,0,0.000000,False
@eslint-react/eff,2,0,0.000000,False
@eslint-react/shared,2,0,0.000000,False
@eslint-react/var,2,0,0.000000,False
@expo/react-native-action-sheet,0,2,0.000000,True
@figspec/components,1,0,0.000000,False
@figspec/react,0,2,0.000000,True
@flatfile/api,1,0,0.000000,False
@flatfile/cross-env-config,1,0,0.000000,False
@flatfile/embedded-utils,1,0,0.000000,False
@flatfile/listener,1,0,0.000000,False
@flatfile/plugin-record-hook,1,0,0.000000,False
@flatfile/react,0,7,0.000000,True
@flmngr/flmngr-react,0,1,0.000000,True
@floating-ui/core,2,0,0.000000,False
@floating-ui/dom,3,0,0.000000,False
@floating-ui/react,7,3,0.000000,True
@floating-ui/react-dom,3,1,0.000000,True
@floating-ui/react-native,0,1,0.000000,True
@floating-ui/utils,1,0,0.000000,False
@fluentui/date-time-utilities,1,0,0.000000,False
@fluentui/font-icons-mdl2,1,0,0.000000,False
@fluentui/foundation-legacy,1,0,0.000000,False
@fluentui/keyboard-keys,12,0,0.000000,False
@fluentui/merge-styles,1,0,0.000000,False
@fluentui/priority-overflow,1,0,0.000000,False
@fluentui/react,0,14,0.000000,True
@fluentui/react-accordion,1,0,0.000000,False
@fluentui/react-alert,1,0,0.000000,False
@fluentui/react-aria,9,6,0.000000,True
@fluentui/react-avatar,4,0,0.000000,False
@fluentui/react-badge,2,7,0.000000,True
@fluentui/react-breadcrumb,1,11,0.000000,True
@fluentui/react-button,6,10,0.000000,True
@fluentui/react-card,1,9,0.000000,True
@fluentui/react-carousel,1,0,0.000000,False
@fluentui/react-checkbox,4,0,0.000000,False
@fluentui/react-color-picker,1,0,0.000000,False
@fluentui/react-combobox,1,14,0.000000,True
@fluentui/react-component-event-listener,1,0,0.000000,False
@fluentui/react-component-ref,1,0,0.000000,False
@fluentui/react-components,0,62,0.000000,True
@fluentui/react-context-selector,11,2,0.000000,True
@fluentui/react-dialog,2,14,0.000000,True
@fluentui/react-divider,3,0,0.000000,False
@fluentui/react-drawer,2,11,0.000000,True
@fluentui/react-field,8,0,0.000000,False
@fluentui/react-focus,1,0,0.000000,False
@fluentui/react-hooks,1,4,0.000000,True
@fluentui/react-icons,15,0,0.000000,False
@fluentui/react-image,1,6,0.000000,True
@fluentui/react-infobutton,1,9,0.000000,True
@fluentui/react-infolabel,1,0,0.000000,False
@fluentui/react-input,1,7,0.000000,True
@fluentui/react-jsx-runtime,29,0,0.000000,False
@fluentui/react-label,4,6,0.000000,True
@fluentui/react-link,2,8,0.000000,True
@fluentui/react-list,1,10,0.000000,True
@fluentui/react-menu,1,0,0.000000,False
@fluentui/react-message-bar,1,0,0.000000,False
@fluentui/react-motion,5,0,0.000000,False
@fluentui/react-motion-components-preview,4,0,0.000000,False
@fluentui/react-nav,1,16,0.000000,True
@fluentui/react-overflow,1,6,0.000000,True
@fluentui/react-persona,1,8,0.000000,True
@fluentui/react-popover,3,0,0.000000,False
@fluentui/react-portal,5,0,0.000000,False
@fluentui/react-portal-compat-context,1,1,0.000002,True
@fluentui/react-positioning,3,0,0.000000,False
@fluentui/react-progress,1,0,0.000000,False
@fluentui/react-provider,1,9,0.000000,True
@fluentui/react-radio,4,0,0.000000,False
@fluentui/react-rating,1,0,0.000000,False
@fluentui/react-search,1,0,0.000000,False
@fluentui/react-select,1,8,0.000000,True
@fluentui/react-shared-contexts,30,0,0.000000,False
@fluentui/react-skeleton,1,0,0.000000,False
@fluentui/react-slider,1,8,0.000000,True
@fluentui/react-spinbutton,1,9,0.000000,True
@fluentui/react-spinner,1,7,0.000000,True
@fluentui/react-swatch-picker,1,10,0.000000,True
@fluentui/react-switch,1,10,0.000000,True
@fluentui/react-table,1,14,0.000000,True
@fluentui/react-tabs,1,8,0.000000,True
@fluentui/react-tabster,22,0,0.000000,False
@fluentui/react-tag-picker,1,0,0.000000,False
@fluentui/react-tags,1,0,0.000000,False
@fluentui/react-teaching-popover,1,13,0.000000,True
@fluentui/react-text,2,0,0.000000,False
@fluentui/react-textarea,1,0,0.000000,False
@fluentui/react-theme,30,0,0.000000,False
@fluentui/react-toast,1,0,0.000000,False
@fluentui/react-toolbar,1,11,0.000000,True
@fluentui/react-tooltip,2,10,0.000000,True
@fluentui/react-tree,1,17,0.000000,True
@fluentui/react-utilities,32,3,0.000007,True
@fluentui/react-virtualizer,1,0,0.000000,False
@fluentui/react-window-provider,2,0,0.000000,False
@fluentui/set-version,2,0,0.000000,False
@fluentui/style-utilities,1,0,0.000000,False
@fluentui/theme,1,0,0.000000,False
@fluentui/utilities,2,0,0.000000,False
@formatjs/ecma402-abstract,1,0,0.000000,False
@formatjs/icu-messageformat-parser,1,0,0.000000,False
@formatjs/intl,1,0,0.000000,False
@fortawesome/react-fontawesome,0,0,0.000000,True
@fullcalendar/react,0,0,0.000000,True
@fullstory/babel-plugin-annotate-react,1,0,0.000000,False
@fullstory/babel-plugin-react-native,1,0,0.000000,False
@fullstory/react-native,0,2,0.000000,True
@github/mini-throttle,1,0,0.000000,False
@github/relative-time-element,1,0,0.000000,False
@github/tab-container-element,1,0,0.000000,False
@gluestack-style/react,0,2,0.000000,True
@googlemaps/js-api-loader,2,0,0.000000,False
@googlemaps/react-wrapper,0,1,0.000000,True
@graphiql/react,0,16,0.000000,True
@graphiql/toolkit,1,0,0.000000,False
@griffel/core,2,0,0.000000,False
@griffel/react,30,2,0.000020,True
@hcaptcha/loader,1,0,0.000000,False
@hcaptcha/react-hcaptcha,0,2,0.000000,True
@headlessui/react,0,5,0.000000,True
@heroui/accordion,1,0,0.000000,False
@heroui/alert,1,0,0.000000,False
@heroui/autocomplete,1,0,0.000000,False
@heroui/avatar,1,0,0.000000,False
@heroui/badge,1,0,0.000000,False
@heroui/breadcrumbs,1,0,0.000000,False
@heroui/button,1,0,0.000000,False
@heroui/calendar,1,0,0.000000,False
@heroui/card,1,0,0.000000,False
@heroui/checkbox,1,0,0.000000,False
@heroui/chip,1,0,0.000000,False
@heroui/code,1,0,0.000000,False
@heroui/date-input,1,0,0.000000,False
@heroui/date-picker,1,0,0.000000,False
@heroui/divider,1,0,0.000000,False
@heroui/drawer,1,0,0.000000,False
@heroui/dropdown,1,0,0.000000,False
@heroui/form,1,0,0.000000,False
@heroui/framer-utils,1,0,0.000000,False
@heroui/image,1,0,0.000000,False
@heroui/input,1,0,0.000000,False
@heroui/input-otp,1,0,0.000000,False
@heroui/kbd,1,0,0.000000,False
@heroui/link,1,0,0.000000,False
@heroui/listbox,1,0,0.000000,False
@heroui/menu,1,0,0.000000,False
@heroui/modal,1,0,0.000000,False
@heroui/navbar,1,0,0.000000,False
@heroui/number-input,1,0,0.000000,False
@heroui/pagination,1,0,0.000000,False
@heroui/popover,1,0,0.000000,False
@heroui/progress,1,0,0.000000,False
@heroui/radio,1,0,0.000000,False
@heroui/react,0,50,0.000000,True
@heroui/react-rsc-utils,1,0,0.000000,True
@heroui/react-utils,0,2,0.000000,True
@heroui/ripple,1,0,0.000000,False
@heroui/scroll-shadow,1,0,0.000000,False
@heroui/select,1,0,0.000000,False
@heroui/shared-utils,1,0,0.000000,False
@heroui/skeleton,1,0,0.000000,False
@heroui/slider,1,0,0.000000,False
@heroui/snippet,1,0,0.000000,False
@heroui/spacer,1,0,0.000000,False
@heroui/spinner,1,0,0.000000,False
@heroui/switch,1,0,0.000000,False
@heroui/system,1,0,0.000000,False
@heroui/table,1,0,0.000000,False
@heroui/tabs,1,0,0.000000,False
@heroui/theme,1,0,0.000000,False
@heroui/toast,1,0,0.000000,False
@heroui/tooltip,1,0,0.000000,False
@heroui/user,1,0,0.000000,False
@hey-api/openapi-ts,1,0,0.000000,False
@hot-loader/react-dom,0,3,0.000000,True
@hypnosphi/create-react-context,0,2,0.000000,True
@iarna/toml,1,0,0.000000,False
@ibm/telemetry-js,1,0,0.000000,False
@iconify/react,0,1,0.000000,True
@iconify/types,1,0,0.000000,False
@inertiajs/core,1,0,0.000000,False
@inertiajs/react,0,3,0.000000,True
@internationalized/date,8,0,0.000000,False
@internationalized/message,1,0,0.000000,False
@internationalized/number,4,0,0.000000,False
@internationalized/string,7,0,0.000000,False
@ionic/core,1,0,0.000000,False
@ionic/react,1,3,0.000004,True
@ionic/react-router,0,2,0.000000,True
@isaacs/ttlcache,1,0,0.000000,False
@jest/create-cache-key-function,3,0,0.000000,False
@joshwooding/vite-plugin-react-docgen-typescript,1,0,0.000000,False
@jridgewell/sourcemap-codec,1,0,0.000000,False
@jsonforms/react,0,1,0.000000,True
@juggle/resize-observer,2,0,0.000000,False
@knapsack/app,1,0,0.000000,False
@knapsack/creator-utils,1,0,0.000000,False
@knapsack/file-utils,1,0,0.000000,False
@knapsack/ks-file-utils,1,0,0.000000,False
@knapsack/renderer-react,0,16,0.000000,True
@knapsack/renderer-react-components,1,0,0.000000,False
@knapsack/renderer-webpack-base,1,0,0.000000,False
@knapsack/spec-utils,1,0,0.000000,False
@knapsack/types,1,0,0.000000,False
@knapsack/utils,1,0,0.000000,False
@kubb/react,0,1,0.000000,True
@kubb/react-fabric,1,0,0.000000,False
@launchdarkly/js-client-sdk-common,1,0,0.000000,False
@launchdarkly/react-native-client-sdk,0,3,0.000000,True
@lexical/devtools-core,1,0,0.000000,False
@lexical/dragon,1,0,0.000000,False
@lexical/extension,1,0,0.000000,False
@lexical/hashtag,1,0,0.000000,False
@lexical/history,1,0,0.000000,False
@lexical/link,1,0,0.000000,False
@lexical/list,1,0,0.000000,False
@lexical/mark,1,0,0.000000,False
@lexical/markdown,1,0,0.000000,False
@lexical/overflow,1,0,0.000000,False
@lexical/plain-text,1,0,0.000000,False
@lexical/react,0,19,0.000000,True
@lexical/rich-text,1,0,0.000000,False
@lexical/table,1,0,0.000000,False
@lexical/text,1,0,0.000000,False
@lexical/utils,1,0,0.000000,False
@lexical/yjs,1,0,0.000000,False
@lingui/core,1,0,0.000000,False
@lingui/react,0,2,0.000000,True
@lit-labs/react,2,1,0.000002,True
@lit/react,1,0,0.000000,True
@loadable/component,1,0,0.000000,False
@lottiefiles/dotlottie-react,0,1,0.000000,True
@lottiefiles/dotlottie-web,1,0,0.000000,False
@lottiefiles/react-lottie-player,0,1,0.000000,True
@mapbox/point-geometry,1,0,0.000000,False
@marsidev/react-turnstile,0,0,0.000000,True
@maskito/react,0,0,0.000000,True
@mdi/react,0,1,0.000000,True
@mdx-js/react,0,1,0.000000,True
@mediapipe/tasks-vision,1,0,0.000000,False
@medplum/dosespot-react,0,0,0.000000,True
@medplum/react-hooks,0,0,0.000000,True
@microlink/react-json-view,0,3,0.000000,True
@microsoft/applicationinsights-common,1,0,0.000000,False
@microsoft/applicationinsights-core-js,1,0,0.000000,False
@microsoft/applicationinsights-react-js,0,5,0.000000,True
@microsoft/applicationinsights-shims,1,0,0.000000,False
@microsoft/dynamicproto-js,1,0,0.000000,False
@microsoft/load-themed-styles,1,0,0.000000,False
@mjackson/form-data-parser,1,0,0.000000,False
@mjackson/node-fetch-server,2,0,0.000000,False
@monaco-editor/loader,1,0,0.000000,False
@monaco-editor/react,0,1,0.000000,True
@monogrid/gainmap-js,1,0,0.000000,False
@mux/mux-player,1,0,0.000000,False
@mux/mux-player-react,1,3,0.000000,True
@mux/playback-core,1,0,0.000000,False
@neoconfetti/react,0,0,0.000000,True
@nevware21/ts-utils,1,0,0.000000,False
@next/env,1,0,0.000000,False
@notifee/react-native,0,0,0.000000,True
@npmcli/package-json,1,0,0.000000,False
@nx/devkit,1,0,0.000000,False
@nx/eslint,1,0,0.000000,False
@nx/js,1,0,0.000000,False
@nx/module-federation,1,0,0.000000,False
@nx/react,0,15,0.000000,True
@nx/rollup,1,0,0.000000,False
@nx/web,1,0,0.000000,False
@oddbird/popover-polyfill,1,0,0.000000,False
@okta/okta-react,0,2,0.000000,True
@openfeature/react-sdk,0,0,0.000000,True
@pandacss/is-valid-prop,1,0,0.000000,False
@patternfly/react-icons,0,0,0.000000,True
@paypal/paypal-js,1,0,0.000000,False
@paypal/react-paypal-js,0,2,0.000000,True
@paypal/sdk-constants,1,0,0.000000,False
@phenomnomnominal/tsquery,1,0,0.000000,False
@phosphor-icons/react,0,0,0.000000,True
@pivanov/utils,1,0,0.000000,False
@pmmmwh/react-refresh-webpack-plugin,2,6,0.000000,True
@popperjs/core,4,0,0.000000,False
@portabletext/react,0,2,0.000000,True
@portabletext/toolkit,1,0,0.000000,False
@portabletext/types,1,0,0.000000,False
@preact/signals,1,0,0.000000,False
@preact/signals-core,1,0,0.000000,False
@preact/signals-react,0,2,0.000000,True
@primer/behaviors,1,0,0.000000,False
@primer/live-region-element,1,0,0.000000,False
@primer/octicons-react,1,0,0.000000,False
@primer/primitives,1,0,0.000000,False
@primer/react,0,19,0.000000,True
@procore/cdn-translations,1,0,0.000000,False
@procore/core-i18n-js,1,0,0.000000,False
@procore/core-icons,1,0,0.000000,False
@procore/core-react,0,36,0.000000,True
@radix-ui/primitive,1,0,0.000000,False
@radix-ui/react-compose-refs,1,0,0.000000,False
@radix-ui/react-context,1,0,0.000000,False
@radix-ui/react-dialog,2,0,0.000000,False
@radix-ui/react-direction,1,0,0.000000,False
@radix-ui/react-dropdown-menu,2,0,0.000000,False
@radix-ui/react-icons,0,0,0.000000,True
@radix-ui/react-popover,1,0,0.000000,False
@radix-ui/react-primitive,2,0,0.000000,False
@radix-ui/react-slider,1,0,0.000000,False
@radix-ui/react-slot,2,0,0.000000,False
@radix-ui/react-tooltip,1,0,0.000000,False
@radix-ui/react-use-callback-ref,2,0,0.000000,False
@radix-ui/react-use-escape-keydown,1,0,0.000000,False
@radix-ui/react-visually-hidden,1,0,0.000000,False
@rc-component/async-validator,1,0,0.000000,False
@rc-component/color-picker,0,3,0.000000,True
@rc-component/context,1,1,0.000000,True
@rc-component/mini-decimal,1,0,0.000000,False
@rc-component/motion,1,0,0.000000,False
@rc-component/mutate-observer,0,2,0.000000,True
@rc-component/portal,5,2,0.000000,True
@rc-component/resize-observer,1,0,0.000000,False
@rc-component/tour,0,4,0.000000,True
@rc-component/trigger,7,5,0.000018,True
@rc-component/util,6,0,0.000000,False
@reach/observe-rect,1,0,0.000000,False
@reach/portal,1,0,0.000000,False
@react-aria/accordion,0,7,0.000000,True
@react-aria/autocomplete,1,14,0.000000,True
@react-aria/breadcrumbs,1,6,0.000000,True
@react-aria/button,3,7,0.000010,True
@react-aria/calendar,1,10,0.000000,True
@react-aria/checkbox,2,11,0.000000,True
@react-aria/collections,1,6,0.000000,True
@react-aria/color,1,13,0.000000,True
@react-aria/combobox,2,16,0.000000,True
@react-aria/datepicker,1,18,0.000000,True
@react-aria/dialog,1,6,0.000000,True
@react-aria/disclosure,1,5,0.000000,True
@react-aria/dnd,2,11,0.000000,True
@react-aria/focus,19,5,0.000001,True
@react-aria/form,5,5,0.000000,True
@react-aria/grid,2,13,0.000000,True
@react-aria/gridlist,3,10,0.000000,True
@react-aria/i18n,27,8,0.000027,True
@react-aria/interactions,34,5,0.000003,True
@react-aria/label,11,3,0.000000,True
@react-aria/landmark,2,4,0.000000,True
@react-aria/link,2,5,0.000000,True
@react-aria/listbox,4,9,0.000000,True
@react-aria/live-announcer,7,1,0.000000,True
@react-aria/menu,3,14,0.000000,True
@react-aria/meter,1,4,0.000000,True
@react-aria/numberfield,2,11,0.000000,True
@react-aria/overlays,7,11,0.000000,True
@react-aria/progress,2,6,0.000000,True
@react-aria/radio,2,10,0.000000,True
@react-aria/searchfield,2,8,0.000000,True
@react-aria/select,1,14,0.000000,True
@react-aria/selection,11,7,0.000015,True
@react-aria/separator,1,3,0.000000,True
@react-aria/slider,3,0,0.000000,False
@react-aria/spinbutton,3,6,0.000000,True
@react-aria/ssr,9,1,0.000000,True
@react-aria/switch,1,5,0.000000,True
@react-aria/table,1,15,0.000000,True
@react-aria/tabs,1,8,0.000000,True
@react-aria/tag,1,10,0.000000,True
@react-aria/textfield,7,9,0.000000,True
@react-aria/toast,1,8,0.000000,True
@react-aria/toggle,2,6,0.000000,True
@react-aria/toolbar,2,5,0.000013,True
@react-aria/tooltip,1,6,0.000000,True
@react-aria/tree,1,8,0.000000,True
@react-aria/utils,49,6,0.000041,True
@react-aria/virtualizer,1,6,0.000000,True
@react-aria/visually-hidden,7,4,0.000000,True
@react-awesome-query-builder/core,1,0,0.000000,False
@react-awesome-query-builder/ui,0,9,0.000000,True
@react-dnd/invariant,1,0,0.000000,False
@react-dnd/shallowequal,1,0,0.000000,False
@react-email/body,1,0,0.000000,True
@react-email/button,1,0,0.000000,False
@react-email/code-block,1,0,0.000000,False
@react-email/code-inline,1,0,0.000000,False
@react-email/column,1,0,0.000000,False
@react-email/components,0,20,0.000000,True
@react-email/container,1,0,0.000000,False
@react-email/font,1,0,0.000000,True
@react-email/head,1,0,0.000000,False
@react-email/heading,1,0,0.000000,False
@react-email/hr,1,0,0.000000,False
@react-email/html,1,0,0.000000,True
@react-email/img,1,0,0.000000,False
@react-email/link,1,0,0.000000,False
@react-email/markdown,1,1,0.000000,True
@react-email/preview,1,0,0.000000,False
@react-email/render,1,2,0.000000,True
@react-email/row,1,0,0.000000,True
@react-email/section,1,0,0.000000,False
@react-email/tailwind,1,1,0.000000,True
@react-email/text,1,0,0.000000,False
@react-hook/debounce,0,1,0.000000,True
@react-hook/latest,2,0,0.000000,True
@react-hook/passive-layout-effect,0,0,0.000000,True
@react-hook/throttle,0,1,0.000000,True
@react-hookz/web,0,1,0.000000,True
@react-input/core,1,0,0.000000,True
@react-input/mask,0,1,0.000000,True
@react-keycloak/core,1,1,0.000000,True
@react-keycloak/web,0,3,0.000000,True
@react-leaflet/core,2,0,0.000000,True
@react-native-aria/slider,0,7,0.000000,True
@react-native-aria/utils,1,0,0.000000,False
@react-native-async-storage/async-storage,3,1,0.000000,True
@react-native-camera-roll/camera-roll,0,0,0.000000,True
@react-native-clipboard/clipboard,0,0,0.000000,True
@react-native-community/blur,0,0,0.000000,True
@react-native-community/cli,1,15,0.000044,True
@react-native-community/cli-clean,1,0,0.000000,False
@react-native-community/cli-config,2,6,0.000007,True
@react-native-community/cli-config-android,1,0,0.000000,False
@react-native-community/cli-doctor,1,15,0.000013,True
@react-native-community/cli-platform-android,2,5,0.000007,True
@react-native-community/cli-platform-apple,2,0,0.000000,False
@react-native-community/cli-platform-ios,2,1,0.000002,True
@react-native-community/cli-server-api,1,0,0.000000,False
@react-native-community/cli-tools,4,0,0.000000,False
@react-native-community/cli-types,1,0,0.000000,False
@react-native-community/datetimepicker,0,1,0.000000,True
@react-native-community/eslint-config,0,13,0.000000,True
@react-native-community/eslint-plugin,1,0,0.000000,False
@react-native-community/geolocation,0,0,0.000000,True
@react-native-community/hooks,0,0,0.000000,True
@react-native-community/netinfo,0,0,0.000000,True
@react-native-community/push-notification-ios,0,1,0.000000,True
@react-native-community/slider,0,0,0.000000,True
@react-native-cookies/cookies,0,1,0.000000,True
@react-native-firebase/messaging,0,0,0.000000,True
@react-native-firebase/perf,0,0,0.000000,True
@react-native-google-signin/google-signin,0,0,0.000000,True
@react-native-macos/virtualized-lists,1,0,0.000000,False
@react-native-masked-view/masked-view,0,0,0.000000,True
@react-native-menu/menu,0,0,0.000000,True
@react-native-picker/picker,0,0,0.000000,True
@react-native-segmented-control/segmented-control,0,0,0.000000,True
@react-native-windows/cli,1,0,0.000000,False
@react-native/assets,1,0,0.000000,False
@react-native/assets-registry,3,0,0.000000,True
@react-native/babel-plugin-codegen,1,2,0.000000,True
@react-native/babel-preset,1,45,0.000000,True
@react-native/codegen,4,7,0.000007,True
@react-native/community-cli-plugin,3,7,0.000033,True
@react-native/debugger-frontend,1,0,0.000000,True
@react-native/debugger-shell,1,2,0.000004,True
@react-native/dev-middleware,1,12,0.000022,True
@react-native/eslint-config,0,12,0.000000,True
@react-native/eslint-plugin,1,0,0.000000,True
@react-native/gradle-plugin,3,0,0.000000,True
@react-native/js-polyfills,4,0,0.000000,True
@react-native/metro-babel-transformer,1,4,0.000000,True
@react-native/metro-config,0,4,0.000000,True
@react-native/new-app-screen,1,0,0.000000,True
@react-native/normalize-colors,5,0,0.000000,True
@react-native/typescript-config,0,0,0.000000,True
@react-native/virtualized-lists,3,2,0.000000,True
@react-navigation/core,1,0,0.000000,False
@react-navigation/devtools,0,3,0.000000,True
@react-navigation/drawer,0,4,0.000000,True
@react-navigation/elements,2,3,0.000000,True
@react-navigation/native,0,5,0.000000,True
@react-navigation/native-stack,0,4,0.000000,True
@react-oauth/google,0,0,0.000000,True
@react-pdf/fns,0,0,0.000000,True
@react-pdf/font,1,4,0.000000,True
@react-pdf/image,0,2,0.000000,True
@react-pdf/pdfkit,1,0,0.000000,False
@react-pdf/png-js,1,0,0.000000,False
@react-pdf/primitives,1,0,0.000000,False
@react-pdf/stylesheet,1,0,0.000000,False
@react-pdf/types,1,3,0.000000,True
@react-router/dev,0,28,0.000000,True
@react-router/express,1,1,0.000000,True
@react-router/node,3,1,0.000000,True
@react-router/serve,0,8,0.000000,True
@react-sigma/core,0,0,0.000000,True
@react-spectrum/utils,0,6,0.000000,True
@react-spring/animated,5,2,0.000000,True
@react-spring/core,4,3,0.000000,True
@react-spring/native,0,4,0.000000,True
@react-spring/rafz,0,0,0.000000,True
@react-spring/shared,6,0,0.000000,False
@react-spring/three,0,4,0.000000,True
@react-spring/types,6,0,0.000000,False
@react-spring/web,0,4,0.000000,True
@react-spring/zdog,0,4,0.000000,True
@react-stately/autocomplete,2,2,0.000000,True
@react-stately/calendar,2,5,0.000000,True
@react-stately/checkbox,2,5,0.000000,True
@react-stately/collections,14,2,0.000000,True
@react-stately/color,2,9,0.000000,True
@react-stately/combobox,3,8,0.000000,True
@react-stately/data,1,2,0.000000,True
@react-stately/datepicker,2,8,0.000000,True
@react-stately/disclosure,2,3,0.000000,True
@react-stately/dnd,2,3,0.000000,True
@react-stately/flags,4,1,0.000000,True
@react-stately/form,15,2,0.000001,True
@react-stately/grid,2,5,0.000000,True
@react-stately/layout,1,7,0.000000,True
@react-stately/list,7,5,0.000000,True
@react-stately/menu,2,4,0.000000,True
@react-stately/numberfield,3,5,0.000000,True
@react-stately/overlays,7,3,0.000004,True
@react-stately/radio,2,5,0.000000,True
@react-stately/searchfield,2,3,0.000000,True
@react-stately/select,2,7,0.000000,True
@react-stately/selection,10,4,0.000000,True
@react-stately/slider,3,4,0.000000,True
@react-stately/table,4,9,0.000000,True
@react-stately/tabs,2,4,0.000000,True
@react-stately/toast,2,2,0.000000,True
@react-stately/toggle,5,4,0.000006,True
@react-stately/tooltip,2,3,0.000000,True
@react-stately/tree,5,5,0.000004,True
@react-stately/utils,21,1,0.000000,True
@react-stately/virtualizer,3,2,0.000000,True
@react-three/drei,0,21,0.000000,True
@react-three/fiber,0,12,0.000000,True
@react-three/postprocessing,0,3,0.000000,True
@react-types/accordion,1,1,0.000000,True
@react-types/autocomplete,1,3,0.000000,True
@react-types/breadcrumbs,1,2,0.000000,True
@react-types/button,16,1,0.000000,True
@react-types/calendar,4,2,0.000000,True
@react-types/checkbox,7,1,0.000000,True
@react-types/color,2,2,0.000000,True
@react-types/combobox,3,1,0.000000,True
@react-types/datepicker,2,4,0.000000,True
@react-types/dialog,2,2,0.000000,True
@react-types/form,1,1,0.000000,True
@react-types/grid,7,1,0.000000,True
@react-types/label,0,1,0.000000,True
@react-types/link,2,1,0.000000,True
@react-types/listbox,1,1,0.000000,True
@react-types/menu,2,2,0.000000,True
@react-types/meter,1,1,0.000000,True
@react-types/numberfield,2,1,0.000001,True
@react-types/overlays,6,1,0.000000,True
@react-types/progress,2,1,0.000000,True
@react-types/radio,2,1,0.000000,True
@react-types/searchfield,3,2,0.000000,True
@react-types/select,2,1,0.000000,True
@react-types/shared,101,0,0.000000,True
@react-types/slider,2,1,0.000000,True
@react-types/switch,1,1,0.000000,True
@react-types/table,4,2,0.000000,True
@react-types/tabs,2,1,0.000000,True
@react-types/textfield,2,1,0.000000,True
@react-types/tooltip,2,2,0.000003,True
@recurly/react-recurly,0,3,0.000000,True
@reduxjs/toolkit,1,0,0.000000,False
@remix-run/node-fetch-server,1,0,0.000000,False
@remix-run/react,0,5,0.000000,True
@remix-run/router,2,0,0.000000,False
@remix-run/server-runtime,1,0,0.000000,False
@restart/hooks,2,0,0.000000,False
@restart/ui,2,0,0.000000,False
@rexxars/react-json-inspector,0,2,0.000000,True
@rexxars/react-split-pane,0,0,0.000000,True
@rgrove/parse-xml,1,0,0.000000,False
@rolldown/pluginutils,1,0,0.000000,False
@rollup/plugin-babel,1,0,0.000000,False
@rollup/pluginutils,3,0,0.000000,False
@rsbuild/plugin-react,0,2,0.000000,True
@rspack/plugin-react-refresh,1,2,0.000004,True
@rushstack/eslint-patch,1,0,0.000000,False
@semantic-ui-react/event-stack,1,0,0.000000,False
@sentry/babel-plugin-component-annotate,1,0,0.000000,False
@sentry/browser,1,0,0.000000,False
@sentry/cli,1,0,0.000000,False
@sentry/core,1,0,0.000000,False
@sentry/react,1,0,0.000000,False
@sentry/react-native,0,6,0.000000,True
@sentry/types,1,0,0.000000,False
@shopify/react-native-skia,0,2,0.000000,True
@splidejs/react-splide,0,1,0.000000,True
@splidejs/splide,1,0,0.000000,False
@standard-schema/spec,1,0,0.000000,False
@storybook/addon-react-native-web,0,0,0.000000,True
@storybook/builder-vite,1,0,0.000000,False
@storybook/builder-webpack5,1,0,0.000000,False
@storybook/core-webpack,1,0,0.000000,False
@storybook/global,1,0,0.000000,False
@storybook/preset-create-react-app,0,5,0.000000,True
@storybook/preset-react-webpack,1,9,0.000000,True
@storybook/react,4,2,0.000000,True
@storybook/react-docgen-typescript-plugin,3,7,0.000000,True
@storybook/react-dom-shim,1,0,0.000000,False
@storybook/react-native,0,10,0.000000,True
@storybook/react-native-theming,1,0,0.000000,False
@storybook/react-native-ui,1,0,0.000000,False
@storybook/react-native-ui-common,1,0,0.000000,False
@storybook/react-vite,0,9,0.000000,True
@storybook/react-webpack5,0,3,0.000000,True
@stripe/react-stripe-js,0,1,0.000000,True
@stripe/stripe-react-native,0,0,0.000000,True
@stytch/react,0,0,0.000000,True
@sumsub/websdk-react,0,0,0.000000,True
@suspensive/react,0,0,0.000000,True
@svgr/babel-plugin-transform-react-native-svg,0,0,0.000000,True
@svgr/core,1,0,0.000000,False
@svgr/plugin-jsx,1,0,0.000000,False
@svgr/plugin-svgo,1,0,0.000000,False
@svgr/webpack,2,0,0.000000,False
@swc/helpers,118,0,0.000000,False
@tamagui/normalize-css-color,1,0,0.000000,False
@tamagui/react-native-use-pressable,1,0,0.000000,False
@tamagui/react-native-use-responder-events,1,0,0.000000,False
@tamagui/react-native-web-internals,1,0,0.000000,False
@tamagui/react-native-web-lite,0,7,0.000000,True
@tamagui/web,1,0,0.000000,False
@tanem/react-nprogress,0,2,0.000000,True
@tanem/svg-injector,1,0,0.000000,False
@tanstack/form-core,1,0,0.000000,False
@tanstack/history,2,0,0.000000,False
@tanstack/query-core,1,0,0.000000,False
@tanstack/react-form,0,4,0.000000,True
@tanstack/react-query,0,1,0.000000,True
@tanstack/react-router,3,6,0.000007,True
@tanstack/react-router-devtools,0,2,0.000000,True
@tanstack/react-start,0,8,0.000000,True
@tanstack/react-start-client,1,5,0.000000,True
@tanstack/react-start-server,1,5,0.000000,True
@tanstack/react-store,2,0,0.000000,False
@tanstack/react-table,0,1,0.000000,True
@tanstack/react-virtual,1,1,0.000000,True
@tanstack/router-core,3,0,0.000000,False
@tanstack/router-devtools-core,1,0,0.000000,False
@tanstack/router-utils,1,0,0.000000,False
@tanstack/start-client-core,3,0,0.000000,False
@tanstack/start-plugin-core,1,0,0.000000,False
@tanstack/start-server-core,2,0,0.000000,False
@tanstack/table-core,1,0,0.000000,False
@tanstack/virtual-core,1,0,0.000000,False
@testing-library/dom,1,0,0.000000,False
@testing-library/react,0,1,0.000000,True
@testing-library/react-hooks,0,2,0.000000,True
@testing-library/react-native,0,4,0.000000,True
@tinymce/tinymce-react,2,1,0.000000,True
@tippyjs/react,1,1,0.000000,True
@tiptap/react,0,3,0.000000,True
@tracetail/js,1,0,0.000000,False
@tracetail/react,0,1,0.000000,True
@trpc/react-query,0,0,0.000000,True
@trpc/tanstack-react-query,0,0,0.000000,True
@tsconfig/react-native,0,0,0.000000,True
@tsconfig/vite-react,0,0,0.000000,True
@turf/bbox,1,0,0.000000,False
@turf/helpers,1,0,0.000000,False
@typeform/embed,1,0,0.000000,False
@typeform/embed-react,0,2,0.000000,True
@types/babel__core,2,0,0.000000,False
@types/babel__traverse,1,0,0.000000,False
@types/canvas-confetti,1,0,0.000000,False
@types/d3,1,0,0.000000,False
@types/d3-hierarchy,1,0,0.000000,False
@types/date-arithmetic,1,0,0.000000,False
@types/doctrine,1,0,0.000000,False
@types/geojson,1,0,0.000000,False
@types/google.maps,1,0,0.000000,False
@types/hast,3,0,0.000000,False
@types/history,3,0,0.000000,False
@types/hoist-non-react-statics,4,1,0.000000,True
@types/js-cookie,1,0,0.000000,False
@types/linkifyjs,1,0,0.000000,False
@types/lodash,3,0,0.000000,False
@types/lodash-es,3,0,0.000000,False
@types/mdast,1,0,0.000000,False
@types/mdx,1,0,0.000000,False
@types/mustache,1,0,0.000000,False
@types/node,1,0,0.000000,False
@types/papaparse,1,0,0.000000,False
@types/plotly.js,1,0,0.000000,False
@types/prismjs,1,0,0.000000,False
@types/prop-types,4,0,0.000000,False
@types/quill,1,0,0.000000,False
@types/react,44,1,0.000007,True
@types/react-autosuggest,0,1,0.000000,True
@types/react-beautiful-dnd,0,1,0.000000,True
@types/react-big-calendar,0,3,0.000000,True
@types/react-color,0,1,0.000000,True
@types/react-copy-to-clipboard,0,1,0.000000,True
@types/react-csv,0,1,0.000000,True
@types/react-date-range,0,2,0.000000,True
@types/react-dates,0,2,0.000000,True
@types/react-dom,0,0,0.000000,True
@types/react-google-recaptcha,0,1,0.000000,True
@types/react-grid-layout,0,1,0.000000,True
@types/react-gtm-module,0,0,0.000000,True
@types/react-helmet,0,1,0.000000,True
@types/react-highlight-words,0,1,0.000000,True
@types/react-infinite-scroller,0,1,0.000000,True
@types/react-input-mask,0,1,0.000000,True
@types/react-is,0,1,0.000000,True
@types/react-linkify,0,1,0.000000,True
@types/react-loadable,0,2,0.000000,True
@types/react-lottie,0,1,0.000000,True
@types/react-measure,0,1,0.000000,True
@types/react-mentions,0,1,0.000000,True
@types/react-modal,0,1,0.000000,True
@types/react-native,1,0,0.000000,False
@types/react-native-vector-icons,1,2,0.000007,True
@types/react-native-video,0,2,0.000000,True
@types/react-outside-click-handler,1,0,0.000000,False
@types/react-paginate,0,1,0.000000,True
@types/react-plotly.js,0,2,0.000000,True
@types/react-portal,0,1,0.000000,True
@types/react-reconciler,3,0,0.000000,True
@types/react-redux,0,4,0.000000,True
@types/react-relay,0,2,0.000000,True
@types/react-resizable,0,1,0.000000,True
@types/react-router,2,2,0.000000,True
@types/react-router-config,0,3,0.000000,True
@types/react-router-dom,0,3,0.000000,True
@types/react-scroll,0,1,0.000000,True
@types/react-slick,0,1,0.000000,True
@types/react-slider,0,1,0.000000,True
@types/react-sparklines,0,1,0.000000,True
@types/react-syntax-highlighter,0,1,0.000000,True
@types/react-table,0,1,0.000000,True
@types/react-test-renderer,1,1,0.000000,True
@types/react-transition-group,1,0,0.000000,True
@types/react-virtualized,0,2,0.000000,True
@types/reactcss,1,0,0.000000,False
@types/recurly__recurly-js,1,0,0.000000,False
@types/relay-runtime,1,0,0.000000,False
@types/resolve,1,0,0.000000,False
@types/semver,2,0,0.000000,False
@types/signature_pad,1,0,0.000000,False
@types/sortablejs,1,0,0.000000,False
@types/supercluster,1,0,0.000000,False
@types/swagger-ui-react,0,1,0.000000,True
@types/use-sync-external-store,2,0,0.000000,False
@types/validator,1,0,0.000000,False
@types/vimeo__player,1,0,0.000000,False
@types/webpack,1,0,0.000000,False
@types/webxr,1,0,0.000000,False
@typescript-eslint/eslint-plugin,3,0,0.000000,False
@typescript-eslint/parser,3,0,0.000000,False
@typescript-eslint/scope-manager,2,0,0.000000,False
@typescript-eslint/type-utils,1,0,0.000000,False
@typescript-eslint/types,2,0,0.000000,False
@typescript-eslint/typescript-estree,2,0,0.000000,False
@typescript-eslint/utils,2,0,0.000000,False
@u-wave/react-vimeo,0,4,0.000000,True
@udecode/react-hotkeys,0,0,0.000000,True
@udecode/react-utils,0,3,0.000000,True
@udecode/utils,1,0,0.000000,False
@uiw/codemirror-extensions-basic-setup,1,0,0.000000,False
@uiw/react-codemirror,0,6,0.000000,True
@umijs/renderer-react,0,5,0.000000,True
@unleash/proxy-client-react,0,0,0.000000,True
@uppy/components,1,0,0.000000,False
@uppy/react,0,3,0.000000,True
@use-gesture/core,1,0,0.000000,False
@use-gesture/react,1,1,0.000000,True
@ver0/deep-equal,1,0,0.000000,False
@vimeo/player,1,0,0.000000,False
@virtuoso.dev/react-urx,0,1,0.000000,True
@virtuoso.dev/urx,1,0,0.000000,False
@vis.gl/react-google-maps,0,2,0.000000,True
@visx/axis,1,0,0.000000,False
@visx/grid,1,0,0.000000,False
@visx/react-spring,0,7,0.000000,True
@visx/scale,1,0,0.000000,False
@visx/text,1,0,0.000000,False
@vitejs/plugin-react,1,6,0.000000,True
@vxna/mini-html-webpack-template,1,0,0.000000,False
@wavesurfer/react,0,0,0.000000,True
@wix/design-system-tokens,1,0,0.000000,False
@wix/wix-ui-icons-common,1,0,0.000000,False
@wix/wix-ui-test-utils,1,0,0.000000,False
@wojtekmaj/date-utils,5,0,0.000000,False
@wojtekmaj/enzyme-adapter-react-17,0,6,0.000000,True
@wojtekmaj/enzyme-adapter-utils,1,0,0.000000,False
@xobotyi/scrollbar-width,1,0,0.000000,False
@xstate/react,3,2,0.000004,True
@xyflow/react,0,3,0.000000,True
@xyflow/system,1,0,0.000000,False
@youware/vite-plugin-react,0,4,0.000000,True
@zag-js/core,1,0,0.000000,False
@zag-js/react,0,4,0.000000,True
@zag-js/store,1,0,0.000000,False
@zag-js/types,1,0,0.000000,False
@zag-js/utils,1,0,0.000000,False
@zxing/browser,1,0,0.000000,False
@zxing/library,1,0,0.000000,False
abort-controller,3,0,0.000000,False
abs-svg-path,1,0,0.000000,False
ace-builds,1,0,0.000000,False
acorn,2,0,0.000000,False
acorn-jsx,2,0,0.000000,False
address,1,0,0.000000,False
ag-charts-community,1,0,0.000000,False
ag-charts-react,0,1,0.000000,True
ag-grid-community,1,0,0.000000,False
ag-grid-react,0,2,0.000000,True
agora-rtc-react,0,0,0.000000,True
ahooks,1,0,0.000000,False
ai,3,0,0.000000,False
airbnb-prop-types,2,0,0.000000,False
ajv,1,0,0.000000,False
algoliasearch,1,0,0.000000,False
algoliasearch-helper,1,0,0.000000,False
anser,5,0,0.000000,False
ansi-escapes,1,0,0.000000,False
ansi-regex,3,0,0.000000,False
ansi-styles,1,0,0.000000,False
ansi-to-react,0,2,0.000000,True
arg,1,0,0.000000,False
arktype,1,0,0.000000,False
array-includes,1,0,0.000000,False
array.prototype.findlast,1,0,0.000000,False
array.prototype.flat,2,0,0.000000,False
array.prototype.flatmap,2,0,0.000000,False
array.prototype.tosorted,1,0,0.000000,False
arrify,1,0,0.000000,False
assert,1,0,0.000000,False
assistant-cloud,1,0,0.000000,False
assistant-stream,1,0,0.000000,False
ast-types,2,0,0.000000,False
ast-types-flow,1,0,0.000000,False
astray,1,0,0.000000,False
auto-bind,1,0,0.000000,False
axios,2,0,0.000000,False
babel-dead-code-elimination,1,0,0.000000,False
babel-helper-builder-react-jsx,1,3,0.000000,True
babel-jest,5,0,0.000000,False
babel-loader,1,0,0.000000,False
babel-plugin-macros,1,0,0.000000,False
babel-plugin-named-asset-import,1,0,0.000000,False
babel-plugin-react-compiler,0,1,0.000000,True
babel-plugin-react-docgen,0,3,0.000000,True
babel-plugin-react-native-web,0,0,0.000000,True
babel-plugin-react-remove-properties,0,0,0.000000,True
babel-plugin-react-svg,0,0,0.000000,True
babel-plugin-source-map-support,1,0,0.000000,False
babel-plugin-syntax-hermes-parser,5,0,0.000000,False
babel-plugin-syntax-jsx,2,0,0.000000,False
babel-plugin-transform-flow-enums,1,0,0.000000,False
babel-plugin-transform-react-display-name,1,0,0.000000,False
babel-plugin-transform-react-jsx,1,3,0.000000,True
babel-plugin-transform-react-jsx-self,1,0,0.000000,False
babel-plugin-transform-react-jsx-source,1,0,0.000000,False
babel-plugin-transform-react-remove-prop-types,1,0,0.000000,True
babel-preset-flow,1,0,0.000000,False
babel-preset-react,0,6,0.000000,True
babel-preset-react-app,2,17,0.000000,True
babel-runtime,4,0,0.000000,False
babel-types,1,0,0.000000,False
base-64,2,0,0.000000,False
base64-js,7,0,0.000000,False
better-scroll,1,0,0.000000,False
bfj,1,0,0.000000,False
bippy,1,1,0.000000,True
body-scroll-lock,1,0,0.000000,False
broadcast-channel,1,0,0.000000,False
browserify-cipher,1,0,0.000000,False
browserify-sign,1,0,0.000000,False
browserslist,3,0,0.000000,False
browserslist-config-single-spa,1,0,0.000000,False
buble,1,0,0.000000,False
buffer,1,0,0.000000,False
camelcase,1,0,0.000000,False
camelize,1,0,0.000000,False
camera-controls,1,0,0.000000,False
caniuse-lite,1,0,0.000000,False
canvas-confetti,1,0,0.000000,False
canvaskit-wasm,1,0,0.000000,False
case-sensitive-paths-webpack-plugin,1,0,0.000000,False
ce-la-react,0,0,0.000000,True
chakra-react-select,0,1,0.000000,True
chalk,9,0,0.000000,False
chart.js,2,0,0.000000,False
cheerio,1,0,0.000000,False
chokidar,2,0,0.000000,False
chroma-js,1,0,0.000000,False
chrome-launcher,1,0,0.000000,False
chromium-edge-launcher,1,0,0.000000,False
classcat,1,0,0.000000,False
classnames,71,0,0.000000,False
clean-webpack-plugin,1,0,0.000000,False
cli-boxes,1,0,0.000000,False
cli-cursor,1,0,0.000000,False
cli-truncate,1,0,0.000000,False
client-only,1,0,0.000000,False
clipboard-copy,1,0,0.000000,False
clone,1,0,0.000000,False
cloudflare-video-element,1,0,0.000000,False
clsx,23,0,0.000000,False
cnbuilder,1,0,0.000000,False
code-excerpt,1,0,0.000000,False
codemirror,1,0,0.000000,False
color,8,0,0.000000,False
color2k,1,0,0.000000,False
colord,1,0,0.000000,False
combokeys,1,0,0.000000,False
command-exists,1,0,0.000000,False
commander,6,0,0.000000,False
comment-json,1,0,0.000000,False
common-dir,1,0,0.000000,False
compare-versions,3,0,0.000000,False
compression,1,0,0.000000,False
compressorjs,1,0,0.000000,False
confusing-browser-globals,1,0,0.000000,False
connect,1,0,0.000000,False
connected-react-router,0,4,0.000000,True
consolidated-events,2,0,0.000000,False
container-query-toolkit,1,0,0.000000,False
convert-source-map,1,0,0.000000,False
cookie,2,0,0.000000,False
copy-to-clipboard,3,0,0.000000,False
copy-webpack-plugin,1,0,0.000000,False
core-js,3,0,0.000000,False
core-js-pure,1,0,0.000000,False
cosmiconfig,1,0,0.000000,False
country-flag-icons,1,0,0.000000,False
countup.js,1,0,0.000000,False
create-ecdh,1,0,0.000000,False
create-hash,1,0,0.000000,False
create-hmac,1,0,0.000000,False
create-react-app,0,11,0.000000,True
create-react-class,0,2,0.000000,True
create-react-context,0,2,0.000000,True
cropperjs,1,0,0.000000,False
cross-env,1,0,0.000000,False
cross-spawn,5,0,0.000000,False
crypto-js,1,0,0.000000,False
css-color-keywords,1,0,0.000000,False
css-element-queries,1,0,0.000000,False
css-jss,1,0,0.000000,False
css-loader,1,0,0.000000,False
css-minimizer-webpack-plugin,1,0,0.000000,False
css-select,1,0,0.000000,False
css-to-react-native,0,3,0.000000,True
css-tree,1,0,0.000000,False
csstype,4,0,0.000000,False
d3,1,0,0.000000,False
d3-array,2,0,0.000000,False
d3-axis,1,0,0.000000,False
d3-collection,1,0,0.000000,False
d3-color,1,0,0.000000,False
d3-contour,1,0,0.000000,False
d3-ease,1,0,0.000000,False
d3-format,2,0,0.000000,False
d3-geo,2,0,0.000000,False
d3-hexbin,1,0,0.000000,False
d3-hierarchy,2,0,0.000000,False
d3-interpolate,1,0,0.000000,False
d3-sankey,1,0,0.000000,False
d3-scale,2,0,0.000000,False
d3-selection,3,0,0.000000,False
d3-shape,3,0,0.000000,False
d3-transition,1,0,0.000000,False
d3-voronoi,1,0,0.000000,False
d3-zoom,2,0,0.000000,False
dash-video-element,1,0,0.000000,False
date-fns,6,0,0.000000,False
date-fns-jalali,1,0,0.000000,False
date-fns-tz,1,0,0.000000,False
dayjs,5,0,0.000000,False
debounce,2,0,0.000000,False
debug,6,0,0.000000,False
decimal.js-light,1,0,0.000000,False
decode-formdata,1,0,0.000000,False
dedent,3,0,0.000000,False
deep-equal,3,0,0.000000,False
deepmerge,9,0,0.000000,False
deepmerge-ts,1,0,0.000000,False
del,1,0,0.000000,False
deprecated-react-native-prop-types,1,3,0.000000,True
dequal,3,0,0.000000,False
detect-gpu,1,0,0.000000,False
detect-port-alt,1,0,0.000000,False
devalue,1,0,0.000000,False
devextreme-react,0,1,0.000000,True
devlop,1,0,0.000000,False
dexie-react-hooks,0,0,0.000000,True
diff-match-patch,1,0,0.000000,False
difference,1,0,0.000000,False
diffie-hellman,1,0,0.000000,False
direction,1,0,0.000000,False
dlv,1,0,0.000000,False
dnd-core,2,0,0.000000,False
dnd-multi-backend,1,0,0.000000,False
doctrine,3,0,0.000000,False
dom-align,1,0,0.000000,False
dom-css,2,0,0.000000,False
dom-helpers,3,0,0.000000,False
domhandler,3,0,0.000000,False
dotenv,1,0,0.000000,False
dotenv-expand,1,0,0.000000,False
downshift,1,0,0.000000,False
draft-convert,1,0,0.000000,False
draft-js,1,0,0.000000,False
draft-js-export-html,1,0,0.000000,False
dset,1,0,0.000000,False
echarts-for-react,0,2,0.000000,True
effector-react,0,1,0.000000,True
electron,1,0,0.000000,False
element-resize-detector,2,0,0.000000,False
emoji-picker-react,0,1,0.000000,True
emoji-regex,1,0,0.000000,False
empathic,1,0,0.000000,False
endent,1,0,0.000000,False
envinfo,2,0,0.000000,False
enzyme,0,22,0.000000,True
enzyme-adapter-react-16,0,9,0.000000,True
enzyme-adapter-utils,1,7,0.000000,True
enzyme-shallow-equal,4,0,0.000000,False
error-stack-parser,2,0,0.000000,False
es-iterator-helpers,1,0,0.000000,False
es-module-lexer,1,0,0.000000,False
es-toolkit,4,0,0.000000,False
es6-object-assign,1,0,0.000000,False
es6-promise,2,0,0.000000,False
esbuild,1,0,0.000000,False
escape-carriage,1,0,0.000000,False
escape-string-regexp,5,0,0.000000,False
escodegen,1,0,0.000000,False
eslint,1,0,0.000000,False
eslint-config-prettier,2,0,0.000000,False
eslint-config-react-app,1,14,0.000000,True
eslint-plugin-eslint-comments,2,0,0.000000,False
eslint-plugin-flowtype,1,0,0.000000,False
eslint-plugin-ft-flow,2,0,0.000000,False
eslint-plugin-import,1,0,0.000000,False
eslint-plugin-jest,3,0,0.000000,False
eslint-plugin-jsx-a11y,1,0,0.000000,False
eslint-plugin-prettier,1,0,0.000000,False
eslint-plugin-react,3,18,0.000000,True
eslint-plugin-react-compiler,0,6,0.000000,True
eslint-plugin-react-dom,0,11,0.000000,True
eslint-plugin-react-hooks,3,5,0.000000,True
eslint-plugin-react-hooks-extra,0,11,0.000000,True
eslint-plugin-react-native,2,1,0.000000,True
eslint-plugin-react-native-a11y,0,3,0.000000,True
eslint-plugin-react-native-globals,1,0,0.000000,True
eslint-plugin-react-perf,0,0,0.000000,True
eslint-plugin-testing-library,1,0,0.000000,False
eslint-webpack-plugin,1,0,0.000000,False
estraverse,1,0,0.000000,False
estree-walker,2,0,0.000000,False
esutils,1,0,0.000000,False
event-target-shim,3,0,0.000000,False
eventemitter3,3,0,0.000000,False
events,1,0,0.000000,False
execa,3,0,0.000000,False
exit-hook,1,0,0.000000,False
express,2,0,0.000000,False
fast-deep-equal,15,0,0.000000,False
fast-equals,2,0,0.000000,False
fast-formula-parser,1,0,0.000000,False
fast-glob,1,0,0.000000,False
fast-levenshtein,1,0,0.000000,False
fast-shallow-equal,1,0,0.000000,False
fastest-levenshtein,1,0,0.000000,False
fb-dotslash,1,0,0.000000,False
fbjs,2,0,0.000000,False
fdir,1,0,0.000000,False
fela-bindings,1,0,0.000000,False
fela-dom,1,0,0.000000,False
file-loader,2,0,0.000000,False
file-saver,1,0,0.000000,False
filesize,1,0,0.000000,False
find-cache-dir,2,0,0.000000,False
find-up,3,0,0.000000,False
findup,1,0,0.000000,False
fix-webm-duration,1,0,0.000000,False
flairup,1,0,0.000000,False
flat-cache,2,0,0.000000,False
flatpickr,2,0,0.000000,False
flip-toolkit,1,0,0.000000,False
flmngr,1,0,0.000000,False
flow-enums-runtime,3,0,0.000000,False
flow-parser,1,0,0.000000,False
flowbite-react,0,14,0.000000,True
flux,1,0,0.000000,False
focus-trap,2,0,0.000000,False
focus-trap-react,0,2,0.000000,True
focus-visible,1,0,0.000000,False
fontkit,1,0,0.000000,False
fork-ts-checker-webpack-plugin,1,0,0.000000,False
framer-motion,3,0,0.000000,False
framesync,1,0,0.000000,False
fs-extra,4,0,0.000000,False
fsevents,2,0,0.000000,False
function.name-polyfill,1,0,0.000000,False
function.prototype.name,2,0,0.000000,False
fuse.js,2,0,0.000000,False
gatsby-react-router-scroll,0,2,0.000000,True
get-node-dimensions,1,0,0.000000,False
get-port,1,0,0.000000,False
get-user-locale,5,0,0.000000,False
get-value,1,0,0.000000,False
github-slugger,1,0,0.000000,False
glob,6,0,0.000000,False
global,3,0,0.000000,False
global-cache,1,0,0.000000,False
global-modules,1,0,0.000000,False
globby,1,0,0.000000,False
glogg,1,0,0.000000,False
glsl-noise,1,0,0.000000,False
goober,1,0,0.000000,False
google-map-react,0,4,0.000000,True
graceful-fs,1,0,0.000000,False
gradient-parser,1,0,0.000000,False
graphql-language-service,1,0,0.000000,False
gud,2,0,0.000000,False
gzip-size,1,0,0.000000,False
hamburger-react,0,0,0.000000,True
has,2,0,0.000000,False
hash-sum,1,0,0.000000,False
hasown,3,0,0.000000,False
hast-util-find-and-replace,1,0,0.000000,False
hast-util-to-jsx-runtime,2,0,0.000000,False
hermes-compiler,1,0,0.000000,False
hermes-parser,4,0,0.000000,False
highcharts-react-official,0,0,0.000000,True
highlight-words-core,1,0,0.000000,False
highlight.js,3,0,0.000000,False
highlightjs-vue,1,0,0.000000,False
history,3,0,0.000000,False
hls-video-element,1,0,0.000000,False
hls.js,1,0,0.000000,False
hoist-non-react-methods,1,0,0.000000,False
hoist-non-react-statics,20,1,0.000004,True
howler,1,0,0.000000,False
hsluv,1,0,0.000000,False
html-dom-parser,1,0,0.000000,False
html-element-attributes,1,0,0.000000,False
html-element-map,1,0,0.000000,False
html-entities,2,0,0.000000,False
html-parse-stringify,1,0,0.000000,False
html-react-parser,1,4,0.000000,True
html-to-react,0,3,0.000000,True
html-to-text,1,0,0.000000,False
html-url-attributes,1,0,0.000000,False
html-webpack-plugin,1,0,0.000000,False
html2canvas,2,0,0.000000,False
htmlparser2,3,0,0.000000,False
http-proxy-middleware,1,0,0.000000,False
hyperquest,1,0,0.000000,False
hyphenate-style-name,1,0,0.000000,False
i18next,1,0,0.000000,False
ical-expander,1,0,0.000000,False
icepick,1,0,0.000000,False
iconsax-react,0,1,0.000000,True
identity-obj-proxy,1,0,0.000000,False
imagesloaded,1,0,0.000000,False
imask,1,0,0.000000,False
immer,2,0,0.000000,False
immutability-helper,1,0,0.000000,False
immutable,1,0,0.000000,False
indent-string,1,0,0.000000,False
inherits,1,0,0.000000,False
ink,0,23,0.000000,True
inline-style-prefixer,2,0,0.000000,False
input-format,1,0,0.000000,False
inputmask-core,1,0,0.000000,False
instantsearch-ui-components,1,0,0.000000,False
instantsearch.js,2,0,0.000000,False
internal-ip,1,0,0.000000,False
intersection-observer,1,0,0.000000,False
intl-messageformat,1,0,0.000000,False
intro.js-react,0,0,0.000000,True
invariant,28,0,0.000000,False
ionicons,1,0,0.000000,False
is-boolean-object,1,0,0.000000,False
is-callable,1,0,0.000000,False
is-git-dirty,1,0,0.000000,False
is-hotkey,1,0,0.000000,False
is-in-browser,1,0,0.000000,False
is-in-ci,1,0,0.000000,False
is-number-object,1,0,0.000000,False
is-plain-obj,1,0,0.000000,False
is-plain-object,1,0,0.000000,False
is-regex,1,0,0.000000,False
is-root,1,0,0.000000,False
is-string,1,0,0.000000,False
is-subset,1,0,0.000000,False
is-touch-device,1,0,0.000000,False
is-url,1,0,0.000000,False
isbot,2,0,0.000000,False
isomorphic-dompurify,1,0,0.000000,False
its-fine,2,0,0.000000,False
javascript-stringify,1,0,0.000000,False
jay-peg,1,0,0.000000,False
jerrypick,1,0,0.000000,False
jest,1,0,0.000000,False
jest-environment-node,3,0,0.000000,False
jest-matcher-utils,1,0,0.000000,False
jest-resolve,1,0,0.000000,False
jest-watch-typeahead,1,0,0.000000,False
joi,1,0,0.000000,False
js-cookie,1,0,0.000000,False
jsbarcode,1,0,0.000000,False
jscodeshift,1,0,0.000000,False
jsesc,1,0,0.000000,False
json-edit-react,0,2,0.000000,True
json-schema,1,0,0.000000,False
json2mq,3,0,0.000000,False
json5,1,0,0.000000,False
jsonc-parser,1,0,0.000000,False
jsonp,2,0,0.000000,False
jspdf,1,0,0.000000,False
jss,2,0,0.000000,False
jss-plugin-camel-case,1,0,0.000000,False
jss-plugin-compose,1,0,0.000000,False
jss-plugin-default-unit,1,0,0.000000,False
jss-plugin-global,1,0,0.000000,False
jss-plugin-isolate,1,0,0.000000,False
jss-plugin-nested,1,0,0.000000,False
jss-preset-default,1,0,0.000000,False
jsx-ast-utils,2,0,0.000000,False
just-reduce-object,1,0,0.000000,False
jwt-decode,1,0,0.000000,False
kapellmeister,1,0,0.000000,False
keyboard-key,1,0,0.000000,False
kleur,3,0,0.000000,False
klona,1,0,0.000000,False
launchdarkly-js-client-sdk,1,0,0.000000,False
launchdarkly-react-client-sdk,0,3,0.000000,True
leaflet,1,0,0.000000,False
leaflet-canvas-marker,1,0,0.000000,False
leaflet.markercluster,2,0,0.000000,False
less,1,0,0.000000,False
lexical,1,0,0.000000,False
libphonenumber-js,1,0,0.000000,False
lightningcss,1,0,0.000000,False
line-height,1,0,0.000000,False
linkify-it,1,0,0.000000,False
linkify-react,0,0,0.000000,True
linkifyjs,2,0,0.000000,False
listify,1,0,0.000000,False
loader-utils,2,0,0.000000,False
localforage,1,0,0.000000,False
lodash,20,0,0.000000,False
lodash-es,8,0,0.000000,False
lodash.camelcase,2,0,0.000000,False
lodash.debounce,9,0,0.000000,False
lodash.defaultsdeep,1,0,0.000000,False
lodash.escape,1,0,0.000000,False
lodash.get,2,0,0.000000,False
lodash.groupby,1,0,0.000000,False
lodash.isempty,1,0,0.000000,False
lodash.isequal,4,0,0.000000,False
lodash.isequalwith,1,0,0.000000,False
lodash.isobject,1,0,0.000000,False
lodash.memoize,1,0,0.000000,False
lodash.merge,1,0,0.000000,False
lodash.mergewith,1,0,0.000000,False
lodash.reduce,1,0,0.000000,False
lodash.startswith,1,0,0.000000,False
lodash.throttle,3,0,0.000000,False
lodash.times,1,0,0.000000,False
lodash.topath,1,0,0.000000,False
lodash.uniq,1,0,0.000000,False
lodash.uniqby,1,0,0.000000,False
logkitty,1,0,0.000000,False
loose-envify,5,0,0.000000,False
lottie-react,0,1,0.000000,True
lottie-react-native,0,0,0.000000,True
lottie-web,4,0,0.000000,False
lowercase-keys,1,0,0.000000,False
lowlight,1,0,0.000000,False
lucide-react,0,0,0.000000,True
lucide-react-native,0,0,0.000000,True
maath,2,0,0.000000,False
magic-string,3,0,0.000000,False
make-cancellable-promise,1,0,0.000000,False
make-event-props,4,0,0.000000,False
markdown-it,1,0,0.000000,False
markdown-to-jsx,1,0,0.000000,True
marked,4,0,0.000000,False
marked-react,0,1,0.000000,True
match-sorter,1,0,0.000000,False
matchmediaquery,1,0,0.000000,False
md5-o-matic,1,0,0.000000,False
mdast-util-to-hast,1,0,0.000000,False
memoize-one,10,0,0.000000,False
merge-options,1,0,0.000000,False
merge-refs,1,0,0.000000,False
meshline,1,0,0.000000,False
metro,1,0,0.000000,False
metro-config,2,0,0.000000,False
metro-core,1,0,0.000000,False
metro-runtime,4,0,0.000000,False
metro-source-map,3,0,0.000000,False
micromatch,2,0,0.000000,False
mini-css-extract-plugin,1,0,0.000000,False
mini-html-webpack-plugin,1,0,0.000000,False
minimatch,2,0,0.000000,False
minimist,1,0,0.000000,False
mitt,1,0,0.000000,False
mixpanel-react-native,0,3,0.000000,True
mkdirp,1,0,0.000000,False
mml-react,0,8,0.000000,True
mobx-react,0,1,0.000000,True
mobx-react-lite,1,1,0.000002,True
modal-react-native-web,1,1,0.000000,True
moment,3,0,0.000000,False
moment-timezone,1,0,0.000000,False
monaco-editor,1,0,0.000000,False
monaco-graphql,1,0,0.000000,False
morgan,1,0,0.000000,False
motion,0,2,0.000000,True
mri,2,0,0.000000,False
mustache,2,0,0.000000,False
n8ao,1,0,0.000000,False
nano-css,1,0,0.000000,False
nanoid,5,0,0.000000,False
next,0,5,0.000000,True
node-emoji,1,0,0.000000,False
node-stream-zip,1,0,0.000000,False
normalize-css-color,1,0,0.000000,False
normalize-svg-path,1,0,0.000000,False
normalize-wheel,1,0,0.000000,False
nouislider,1,0,0.000000,False
nouislider-react,0,1,0.000000,True
nullthrows,10,0,0.000000,False
object-assign,10,0,0.000000,False
object-inspect,1,0,0.000000,False
object-is,1,0,0.000000,False
object-property-assigner,1,0,0.000000,False
object-property-extractor,1,0,0.000000,False
object.assign,4,0,0.000000,False
object.entries,2,0,0.000000,False
object.fromentries,2,0,0.000000,False
object.values,4,0,0.000000,False
observable-callback,1,0,0.000000,False
omit,1,0,0.000000,False
open,2,0,0.000000,False
openapi-sampler,1,0,0.000000,False
opencollective-postinstall,2,0,0.000000,False
ora,2,0,0.000000,False
overlayscrollbars-react,0,0,0.000000,True
p-map,1,0,0.000000,False
package-manager-detector,1,0,0.000000,False
papaparse,1,0,0.000000,False
parse-svg-path,1,0,0.000000,False
patch-console,1,0,0.000000,False
path-dirname,1,0,0.000000,False
pathe,2,0,0.000000,False
pbkdf2,1,0,0.000000,False
pdfjs-dist,1,0,0.000000,False
perfect-scrollbar,1,0,0.000000,False
phosphor-react,0,0,0.000000,True
phosphor-react-native,0,0,0.000000,True
picocolors,3,0,0.000000,False
picomatch,1,0,0.000000,False
pkg-up,1,0,0.000000,False
platform,1,0,0.000000,False
playwright,1,0,0.000000,False
pnp-webpack-plugin,1,0,0.000000,False
popper.js,2,0,0.000000,False
postcss,2,0,0.000000,False
postcss-flexbugs-fixes,1,0,0.000000,False
postcss-loader,1,0,0.000000,False
postcss-normalize,1,0,0.000000,False
postcss-preset-env,1,0,0.000000,False
postcss-value-parser,2,0,0.000000,False
postprocessing,1,0,0.000000,False
powerbi-client,1,0,0.000000,False
powerbi-client-react,0,2,0.000000,True
preact,2,0,0.000000,True
prettier,3,0,0.000000,False
pretty-format,4,0,0.000000,False
prism-react-renderer,1,2,0.000000,True
prismjs,2,0,0.000000,False
process,1,0,0.000000,False
promise,3,0,0.000000,False
prompts,5,0,0.000000,False
prop-types,115,3,0.000071,True
prop-types-extra,1,2,0.000000,True
public-encrypt,1,0,0.000000,False
q-i,1,0,0.000000,False
qr.js,1,0,0.000000,False
qrcode,2,0,0.000000,False
qrcode.react,0,0,0.000000,True
qss,1,0,0.000000,False
quill,2,0,0.000000,False
raf,8,0,0.000000,False
ramda,2,0,0.000000,False
randomfill,1,0,0.000000,False
rc-align,1,5,0.000004,True
rc-cascader,0,5,0.000000,True
rc-checkbox,0,3,0.000000,True
rc-collapse,0,4,0.000000,True
rc-dialog,1,5,0.000000,True
rc-drawer,0,5,0.000000,True
rc-dropdown,1,4,0.000000,True
rc-field-form,1,3,0.000000,True
rc-image,0,6,0.000000,True
rc-input,2,3,0.000000,True
rc-input-number,0,5,0.000000,True
rc-mentions,0,7,0.000000,True
rc-menu,2,6,0.000000,True
rc-motion,11,3,0.000000,True
rc-notification,0,4,0.000000,True
rc-overflow,3,0,0.000000,False
rc-pagination,0,3,0.000000,True
rc-picker,0,6,0.000000,True
rc-progress,0,3,0.000000,True
rc-rate,0,3,0.000000,True
rc-resize-observer,4,4,0.000002,True
rc-segmented,0,4,0.000000,True
rc-select,2,7,0.000000,True
rc-slider,1,3,0.000000,True
rc-steps,0,3,0.000000,True
rc-switch,0,3,0.000000,True
rc-table,0,6,0.000000,True
rc-tabs,0,7,0.000000,True
rc-textarea,1,0,0.000000,False
rc-time-picker,0,6,0.000000,True
rc-tooltip,0,4,0.000000,True
rc-tree,3,5,0.000000,True
rc-tree-select,0,5,0.000000,True
rc-trigger,1,5,0.000013,True
rc-upload,0,3,0.000000,True
rc-util,33,2,0.000009,True
rc-virtual-list,3,4,0.000000,True
re-resizable,1,0,0.000000,False
react,4,0,0.000000,True
react-accessible-accordion,0,0,0.000000,True
react-ace,0,5,0.000000,True
react-addons-test-utils,0,0,0.000000,True
react-alice-carousel,0,1,0.000000,True
react-animate-height,0,0,0.000000,True
react-apollo,0,5,0.000000,True
react-app-polyfill,1,0,0.000000,False
react-app-rewired,0,1,0.000000,True
react-aptor,0,0,0.000000,True
react-aria,1,42,0.000000,True
react-aria-components,0,29,0.000000,True
react-async-hook,1,0,0.000000,False
react-async-script,1,2,0.000002,True
react-autosuggest,0,5,0.000000,True
react-barcode,0,2,0.000000,True
react-base16-styling,3,4,0.000000,True
react-blurhash,0,0,0.000000,True
react-bootstrap,0,13,0.000000,True
react-bootstrap-icons,0,1,0.000000,True
react-bootstrap-typeahead,0,11,0.000000,True
react-calendar,2,4,0.000000,True
react-calendar-timeline,0,4,0.000000,True
react-calendly,0,0,0.000000,True
react-canvas-confetti,0,2,0.000000,True
react-chartjs-2,1,0,0.000000,True
react-checkbox-tree,0,4,0.000000,True
react-chrono,0,4,0.000000,True
react-clock,2,3,0.000000,True
react-codemirror2,0,0,0.000000,True
react-color-palette,0,0,0.000000,True
react-colorful,0,0,0.000000,True
react-compiler-runtime,2,0,0.000000,True
react-component-managers,0,2,0.000000,True
react-confetti,0,1,0.000000,True
react-confirm-alert,0,0,0.000000,True
react-container-query,0,2,0.000000,True
react-contenteditable,0,2,0.000000,True
react-contextmenu,0,2,0.000000,True
react-cookie,0,3,0.000000,True
react-cookies,0,2,0.000000,True
react-copy-to-clipboard,0,2,0.000000,True
react-countdown,0,1,0.000000,True
react-country-flag,0,0,0.000000,True
react-countup,0,1,0.000000,True
react-cropper,0,1,0.000000,True
react-csv-downloader,0,1,0.000000,True
react-currency-input-field,0,0,0.000000,True
react-custom-scrollbars,0,3,0.000000,True
react-custom-scrollbars-2,0,3,0.000000,True
react-d3-tree,0,9,0.000000,True
react-data-grid,0,0,0.000000,True
react-data-table-component,0,1,0.000000,True
react-datasheet,0,0,0.000000,True
react-date-picker,1,7,0.000000,True
react-date-range,0,4,0.000000,True
react-datepicker,0,3,0.000000,True
react-dates,0,15,0.000000,True
react-datetime-picker,0,9,0.000000,True
react-day-picker,1,3,0.000000,True
react-debounce-input,0,2,0.000000,True
react-deep-force-update,0,0,0.000000,True
react-dev-utils,2,24,0.000000,True
react-devtools,0,6,0.000000,True
react-devtools-core,4,2,0.000002,True
react-devtools-inline,0,2,0.000000,True
react-display-name,0,0,0.000000,True
react-dnd,1,5,0.000000,True
react-dnd-html5-backend,0,1,0.000000,True
react-dnd-multi-backend,0,2,0.000000,True
react-dnd-preview,1,0,0.000000,True
react-dnd-test-backend,1,0,0.000000,False
react-dnd-touch-backend,1,0,0.000000,False
react-docgen,6,10,0.000000,True
react-docgen-annotation-resolver,1,0,0.000000,False
react-docgen-displayname-handler,1,0,0.000000,False
react-docgen-typescript,4,0,0.000000,True
react-docgen-typescript-plugin,0,6,0.000000,True
react-dock,0,2,0.000000,True
react-document-title,0,2,0.000000,True
react-dom,3,1,0.000000,True
react-dom-factories,0,0,0.000000,True
react-draggable,4,2,0.000000,True
react-dropdown,0,1,0.000000,True
react-dropdown-select,0,2,0.000000,True
react-dropzone,2,0,0.000000,False
react-easy-crop,0,2,0.000000,True
react-easy-router,0,0,0.000000,True
react-easy-swipe,1,1,0.000000,True
react-error-boundary,4,1,0.000000,True
react-error-overlay,1,0,0.000000,False
react-event-listener,0,3,0.000000,True
react-facebook-login,0,0,0.000000,True
react-facebook-pixel,0,0,0.000000,True
react-fast-compare,8,0,0.000000,True
react-fast-pdf,0,2,0.000000,True
react-favicon,0,1,0.000000,True
react-feather,0,1,0.000000,True
react-fela,0,3,0.000000,True
react-file-icon,0,2,0.000000,True
react-filepond,0,0,0.000000,True
react-firebase-hooks,0,0,0.000000,True
react-fit,3,0,0.000000,False
react-flags-select,0,2,0.000000,True
react-flatpickr,0,1,0.000000,True
react-flatten-children,0,0,0.000000,True
react-flickity-component,0,1,0.000000,True
react-flip-toolkit,0,2,0.000000,True
react-freeze,1,0,0.000000,True
react-from-dom,1,0,0.000000,True
react-fuzzy,0,4,0.000000,True
react-ga,0,0,0.000000,True
react-ga4,0,0,0.000000,True
react-gauge-component,0,4,0.000000,True
react-google-autocomplete,0,2,0.000000,True
react-google-charts,0,0,0.000000,True
react-google-recaptcha,0,2,0.000000,True
react-google-recaptcha-v3,0,1,0.000000,True
react-grid-layout,0,6,0.000000,True
react-group,1,0,0.000000,False
react-gtm-module,0,0,0.000000,True
react-helmet,0,4,0.000000,True
react-helmet-async,1,3,0.000000,True
react-highlight,0,1,0.000000,True
react-highlight-words,0,2,0.000000,True
react-hook-form,1,0,0.000000,True
react-hot-loader,0,8,0.000000,True
react-hot-toast,0,2,0.000000,True
react-hotkeys,0,1,0.000000,True
react-hotkeys-hook,0,0,0.000000,True
react-html-attributes,0,1,0.000000,True
react-html-parser,0,1,0.000000,True
react-i18next,0,3,0.000000,True
react-icon-base,0,0,0.000000,True
react-icons,1,0,0.000000,True
react-if,0,0,0.000000,True
react-iframe,0,1,0.000000,True
react-image,0,0,0.000000,True
react-image-crop,0,0,0.000000,True
react-image-gallery,1,0,0.000000,True
react-imask,0,2,0.000000,True
react-immutable-pure-component,0,0,0.000000,True
react-infinite-scroll-component,0,1,0.000000,True
react-infinite-scroller,0,1,0.000000,True
react-inlinesvg,0,1,0.000000,True
react-innertext,0,0,0.000000,True
react-input-autosize,0,1,0.000000,True
react-input-mask,0,2,0.000000,True
react-inspector,1,0,0.000000,True
react-instantsearch,0,4,0.000000,True
react-instantsearch-core,1,7,0.000000,True
react-international-phone,0,0,0.000000,True
react-intersection-observer,1,0,0.000000,False
react-intersection-observer-hook,0,0,0.000000,True
react-intl,0,8,0.000000,True
react-is,11,0,0.000000,True
react-json-tree,0,2,0.000000,True
react-json-view,0,4,0.000000,True
react-jss,0,11,0.000000,True
react-jsx-parser,0,2,0.000000,True
react-kapsule,0,1,0.000000,True
react-konva,0,4,0.000000,True
react-lazy-load,0,0,0.000000,True
react-leaflet,1,1,0.000000,True
react-leaflet-cluster,0,1,0.000000,True
react-leaflet-draw,0,2,0.000000,True
react-leaflet-markercluster,0,4,0.000000,True
react-lifecycles-compat,6,0,0.000000,True
react-linkify,0,2,0.000000,True
react-list,1,0,0.000000,True
react-live,0,3,0.000000,True
react-live-clock,0,2,0.000000,True
react-loading,0,0,0.000000,True
react-lottie,0,3,0.000000,True
react-lottie-player,0,3,0.000000,True
react-mailchimp-subscribe,0,3,0.000000,True
react-mapbox-gl,0,5,0.000000,True
react-markdown,3,11,0.000000,True
react-maskedinput,0,2,0.000000,True
react-mde,0,0,0.000000,True
react-measure,0,4,0.000000,True
react-media,0,4,0.000000,True
react-medium-image-zoom,0,0,0.000000,True
react-mentions,0,4,0.000000,True
react-merge-refs,0,0,0.000000,True
react-mixin,0,2,0.000000,True
react-modal,1,0,0.000000,False
react-moment,0,0,0.000000,True
react-moment-proptypes,1,1,0.000000,True
react-monaco-editor,0,0,0.000000,True
react-motion,1,0,0.000000,False
react-move,0,3,0.000000,True
react-multi-email,0,0,0.000000,True
react-mustache,0,1,0.000000,True
react-native,1,35,0.000000,True
react-native-adjust,0,0,0.000000,True
react-native-animatable,1,1,0.000000,True
react-native-appsflyer,0,0,0.000000,True
react-native-auth0,0,4,0.000000,True
react-native-ble-plx,0,0,0.000000,True
react-native-branch,0,0,0.000000,True
react-native-builder-bob,0,22,0.000000,True
react-native-calendars,0,8,0.000000,True
react-native-circular-progress,0,1,0.000000,True
react-native-codegen,0,4,0.000000,True
react-native-config,0,4,0.000000,True
react-native-contacts,0,0,0.000000,True
react-native-country-picker-modal,0,6,0.000000,True
react-native-crypto,0,10,0.000000,True
react-native-css-interop,0,6,0.000000,True
react-native-device-info,0,0,0.000000,True
react-native-drawer-layout,1,2,0.000000,True
react-native-edge-to-edge,0,0,0.000000,True
react-native-element-dropdown,0,1,0.000000,True
react-native-elements,0,8,0.000000,True
react-native-fbsdk-next,0,0,0.000000,True
react-native-file-viewer,0,0,0.000000,True
react-native-flipper,0,0,0.000000,True
react-native-fs,0,2,0.000000,True
react-native-gesture-handler,0,3,0.000000,True
react-native-get-random-values,1,0,0.000000,False
react-native-gradle-plugin,0,0,0.000000,True
react-native-helmet-async,0,3,0.000000,True
react-native-inappbrowser-reborn,0,2,0.000000,True
react-native-is-edge-to-edge,1,0,0.000000,True
react-native-keychain,0,0,0.000000,True
react-native-launch-arguments,0,0,0.000000,True
react-native-linear-gradient,0,0,0.000000,True
react-native-localize,0,0,0.000000,True
react-native-macos,0,37,0.000000,True
react-native-maps,0,1,0.000000,True
react-native-mmkv,0,0,0.000000,True
react-native-modal,0,1,0.000000,True
react-native-modal-datetime-picker,0,1,0.000000,True
react-native-monorepo-config,1,0,0.000000,False
react-native-onesignal,0,1,0.000000,True
react-native-os,0,0,0.000000,True
react-native-pager-view,0,0,0.000000,True
react-native-paper,0,3,0.000000,True
react-native-pdf,0,2,0.000000,True
react-native-performance,0,0,0.000000,True
react-native-permissions,0,0,0.000000,True
react-native-plaid-link-sdk,0,0,0.000000,True
react-native-progress,0,1,0.000000,True
react-native-push-notification,0,0,0.000000,True
react-native-qrcode-svg,0,3,0.000000,True
react-native-ratings,1,1,0.000002,True
react-native-react-query-devtools,0,1,0.000000,True
react-native-reanimated,0,2,0.000000,True
react-native-redash,0,3,0.000000,True
react-native-root-siblings,0,0,0.000000,True
react-native-safe-area-context,1,0,0.000000,False
react-native-screens,0,2,0.000000,True
react-native-securerandom,0,1,0.000000,True
react-native-segmented-control-tab,1,0,0.000000,False
react-native-sha256,0,0,0.000000,True
react-native-size-matters,1,0,0.000000,False
react-native-svg,0,3,0.000000,True
react-native-svg-transformer,0,4,0.000000,True
react-native-swipe-gestures,1,0,0.000000,True
react-native-swiper,0,1,0.000000,True
react-native-tab-view,0,1,0.000000,True
react-native-toast-message,0,0,0.000000,True
react-native-unistyles,0,0,0.000000,True
react-native-url-polyfill,1,1,0.000000,True
react-native-uuid,0,0,0.000000,True
react-native-vector-icons,1,0,0.000000,False
react-native-video,0,0,0.000000,True
react-native-view-shot,0,1,0.000000,True
react-native-vision-camera,0,0,0.000000,True
react-native-web,0,8,0.000000,True
react-native-web-linear-gradient,0,0,0.000000,True
react-native-webrtc,0,3,0.000000,True
react-native-webview,0,2,0.000000,True
react-native-windows,0,45,0.000000,True
react-native-worklets,0,11,0.000000,True
react-native-worklets-core,0,1,0.000000,True
react-number-format,1,0,0.000000,True
react-oidc-context,0,0,0.000000,True
react-onclickoutside,0,0,0.000000,True
react-onesignal,0,0,0.000000,True
react-organizational-chart,0,1,0.000000,True
react-outside-click-handler,1,0,0.000000,False
react-pdf,2,8,0.000000,True
react-perfect-scrollbar,0,2,0.000000,True
react-phone-input-2,0,6,0.000000,True
react-phone-number-input,0,5,0.000000,True
react-photoswipe-gallery,0,0,0.000000,True
react-pivottable,0,5,0.000000,True
react-places-autocomplete,0,2,0.000000,True
react-plaid-link,0,1,0.000000,True
react-player,1,10,0.000000,True
react-plotly.js,0,1,0.000000,True
react-popper,4,2,0.000000,True
react-popper-tooltip,0,3,0.000000,True
react-portal,1,1,0.000000,True
react-promise-suspense,0,1,0.000000,True
react-prop-types,0,1,0.000000,True
react-property,1,0,0.000000,True
react-proxy,1,0,0.000000,False
react-qr-code,0,2,0.000000,True
react-qr-reader,0,3,0.000000,True
react-query,0,3,0.000000,True
react-quill,0,3,0.000000,True
react-quill-new,0,2,0.000000,True
react-rating,0,2,0.000000,True
react-reconciler,4,1,0.000000,True
react-redux,2,2,0.000000,True
react-redux-form,0,7,0.000000,True
react-redux-toastr,0,2,0.000000,True
react-refractor,0,3,0.000000,True
react-refresh,8,0,0.000000,True
react-refresh-typescript,0,0,0.000000,True
react-relay,0,5,0.000000,True
react-resizable,1,0,0.000000,False
react-resizable-panels,0,0,0.000000,True
react-resize-detector,0,1,0.000000,True
react-responsive,0,4,0.000000,True
react-responsive-carousel,0,3,0.000000,True
react-responsive-masonry,0,0,0.000000,True
react-retool,0,0,0.000000,True
react-rnd,0,3,0.000000,True
react-router,3,2,0.000000,True
react-router-bootstrap,0,1,0.000000,True
react-router-config,0,1,0.000000,True
react-router-dom,2,1,0.000000,True
react-router-dom-v5-compat,0,3,0.000000,True
react-router-hash-link,0,1,0.000000,True
react-router-redux,0,0,0.000000,True
react-router-scroll,0,3,0.000000,True
react-rx,0,3,0.000000,True
react-scan,0,17,0.000000,True
react-scanner,0,9,0.000000,True
react-schemaorg,0,0,0.000000,True
react-scripts,0,48,0.000000,True
react-scroll-sync,1,0,0.000000,False
react-scrollbars-custom,0,3,0.000000,True
react-select,1,0,0.000000,False
react-select-event,0,1,0.000000,True
react-shallow-renderer,0,2,0.000000,True
react-share,0,2,0.000000,True
react-shortcuts,0,6,0.000000,True
react-showdown,0,3,0.000000,True
react-side-effect,2,0,0.000000,False
react-signature-canvas,0,4,0.000000,True
react-simple-animate,0,0,0.000000,True
react-simple-code-editor,1,0,0.000000,False
react-simple-maps,0,4,0.000000,True
react-sizeme,0,4,0.000000,True
react-slick,1,4,0.000000,True
react-slider,0,1,0.000000,True
react-smooth,0,3,0.000000,True
react-sortablejs,2,2,0.000000,True
react-sparklines,0,1,0.000000,True
react-speech-recognition,0,1,0.000000,True
react-spinners,0,0,0.000000,True
react-split,0,2,0.000000,True
react-split-pane,0,3,0.000000,True
react-spreadsheet,0,4,0.000000,True
react-spring,1,0,0.000000,False
react-spring-bottom-sheet,0,8,0.000000,True
react-stately,2,26,0.000000,True
react-sticky,0,2,0.000000,True
react-sticky-el,0,0,0.000000,True
react-stickynode,0,4,0.000000,True
react-string-replace,0,0,0.000000,True
react-style-proptype,1,0,0.000000,False
react-styleguidist,0,64,0.000000,True
react-svg,0,4,0.000000,True
react-swipeable,0,0,0.000000,True
react-switch,0,1,0.000000,True
react-syntax-highlighter,0,6,0.000000,True
react-table,0,0,0.000000,True
react-tag-input,0,3,0.000000,True
react-tagsinput,0,0,0.000000,True
react-teleporter,0,0,0.000000,True
react-test-renderer,2,2,0.000002,True
react-text-mask,0,1,0.000000,True
react-textarea-autosize,4,3,0.000000,True
react-textfit,0,2,0.000000,True
react-themeable,1,1,0.000000,True
react-time-picker,1,7,0.000000,True
react-timer-hook,0,0,0.000000,True
react-timezone-select,0,2,0.000000,True
react-tippy,0,1,0.000000,True
react-to-pdf,0,2,0.000000,True
react-to-print,0,0,0.000000,True
react-toastify,0,1,0.000000,True
react-tooltip,0,2,0.000000,True
react-tracking,0,3,0.000000,True
react-transform-catch-errors,0,0,0.000000,True
react-transform-hmr,0,2,0.000000,True
react-transition-group,6,4,0.000000,True
react-transition-state,0,0,0.000000,True
react-treebeard,0,5,0.000000,True
react-truncate-markup,0,4,0.000000,True
react-tween-state,0,2,0.000000,True
react-tweet,0,3,0.000000,True
react-twitter-embed,0,1,0.000000,True
react-type-animation,0,0,0.000000,True
react-universal-interface,1,0,0.000000,True
react-use,0,14,0.000000,True
react-use-gesture,1,0,0.000000,False
react-use-intercom,0,0,0.000000,True
react-use-measure,1,0,0.000000,False
react-use-websocket,0,0,0.000000,True
react-useportal,0,1,0.000000,True
react-viewer,0,1,0.000000,True
react-virtual,0,1,0.000000,True
react-virtualized,0,6,0.000000,True
react-virtualized-auto-sizer,0,0,0.000000,True
react-virtuoso,3,0,0.000000,True
react-vis,0,17,0.000000,True
react-waypoint,0,4,0.000000,True
react-webcam,0,0,0.000000,True
react-window,3,0,0.000000,True
react-window-infinite-loader,1,0,0.000000,True
react-with-direction,1,0,0.000000,False
react-with-styles,1,0,0.000000,False
react-with-styles-interface-css,1,2,0.000000,True
react-wrap-balancer,0,0,0.000000,True
react-zdog,0,3,0.000000,True
reactstrap,0,6,0.000000,True
recast,2,0,0.000000,False
recharts,0,11,0.000000,True
recursive-readdir,1,0,0.000000,False
recyclerlistview,1,0,0.000000,False
redent,1,0,0.000000,False
redux,3,0,0.000000,False
refractor,2,0,0.000000,False
regenerator-runtime,3,0,0.000000,False
rehype-react,0,3,0.000000,True
relay-runtime,1,0,0.000000,False
remark,1,0,0.000000,False
remark-gfm,1,0,0.000000,False
remark-parse,1,0,0.000000,False
remark-rehype,1,0,0.000000,False
reselect,1,0,0.000000,False
resize-observer-lite,1,0,0.000000,False
resize-observer-polyfill,9,0,0.000000,False
resolve,6,0,0.000000,False
resolve-url-loader,1,0,0.000000,False
resq,0,1,0.000000,True
rfdc,1,0,0.000000,False
rive-react-native,0,0,0.000000,True
rollup,2,0,0.000000,False
rst-selector-parser,1,0,0.000000,False
sade,1,0,0.000000,False
sass,1,0,0.000000,False
sass-loader,1,0,0.000000,False
scheduler,9,0,0.000000,False
schema-utils,1,0,0.000000,False
screenfull,1,0,0.000000,False
scriptjs,1,0,0.000000,False
scroll-behavior,1,0,0.000000,False
scroll-into-view-if-needed,2,0,0.000000,False
seamless-immutable,1,0,0.000000,False
section-iterator,1,0,0.000000,False
seedsui-react,0,15,0.000000,True
semantic-ui-react,0,13,0.000000,True
semver,19,0,0.000000,False
serve,1,0,0.000000,False
serve-static,1,0,0.000000,False
set-cookie-parser,1,0,0.000000,False
set-harmonic-interval,1,0,0.000000,False
set-value,1,0,0.000000,False
setimmediate,1,0,0.000000,False
sf-symbols-typescript,1,0,0.000000,False
shallow-compare,1,0,0.000000,False
shallow-equal,4,0,0.000000,False
shallowequal,8,0,0.000000,False
shell-quote,2,0,0.000000,False
showdown,1,0,0.000000,False
signal-exit,1,0,0.000000,False
signature_pad,1,0,0.000000,False
simplebar-core,1,0,0.000000,False
simplebar-react,0,1,0.000000,True
single-spa-react,0,1,0.000000,True
size-sensor,1,0,0.000000,False
slate-react,0,6,0.000000,True
slice-ansi,1,0,0.000000,False
smart-mixin,1,0,0.000000,False
sortablejs,2,0,0.000000,False
source-map,2,0,0.000000,False
source-map-js,1,0,0.000000,False
source-map-loader,1,0,0.000000,False
source-map-support,3,0,0.000000,False
spacetime,1,0,0.000000,False
split.js,1,0,0.000000,False
spotify-audio-element,1,0,0.000000,False
spy-on-component,1,0,0.000000,False
stack-utils,1,0,0.000000,False
stacktrace-parser,4,0,0.000000,False
stats-gl,1,0,0.000000,False
stats.js,1,0,0.000000,False
storybook-addon-remix-react-router,0,3,0.000000,True
storybook-builder-rsbuild,1,0,0.000000,False
storybook-i18n,1,0,0.000000,False
storybook-react-i18next,0,1,0.000000,True
storybook-react-rsbuild,0,10,0.000000,True
stream-chat-react,0,28,0.000000,True
string-hash-64,1,0,0.000000,False
string-ts,2,0,0.000000,False
string-width,1,0,0.000000,False
string.prototype.matchall,1,0,0.000000,False
string.prototype.repeat,1,0,0.000000,False
string.prototype.trim,1,0,0.000000,False
strip-ansi,1,0,0.000000,False
strip-html-comments,1,0,0.000000,False
strip-indent,1,0,0.000000,False
style-loader,1,0,0.000000,False
style-to-js,1,0,0.000000,False
styled-components,1,0,0.000000,False
styled-jsx,1,0,0.000000,False
styleq,1,0,0.000000,False
styletron-react,0,2,0.000000,True
styletron-standard,1,0,0.000000,False
subscribe-ui-event,1,0,0.000000,False
substyle,1,0,0.000000,False
sucrase,1,0,0.000000,False
suneditor-react,0,0,0.000000,True
supercluster,1,0,0.000000,False
suspend-react,2,0,0.000000,True
swiper,1,0,0.000000,False
swr,2,2,0.000000,True
tabbable,3,0,0.000000,False
tabler-icons-react,0,0,0.000000,True
tailwind-merge-v2,1,0,0.000000,False
tailwind-merge-v3,1,0,0.000000,False
tailwindcss,2,0,0.000000,False
tar-pack,1,0,0.000000,False
tdesign-icons-react,1,0,0.000000,False
tdesign-react,0,17,0.000000,True
terser-webpack-plugin,2,0,0.000000,False
text-encoding,1,0,0.000000,False
text-table,1,0,0.000000,False
theming,1,0,0.000000,False
three-mesh-bvh,1,0,0.000000,False
three-stdlib,1,0,0.000000,False
throttle-debounce,4,0,0.000000,False
throttleit,1,0,0.000000,False
tiktok-video-element,1,0,0.000000,False
timezone-soft,1,0,0.000000,False
tiny-invariant,6,0,0.000000,False
tiny-warning,3,0,0.000000,False
tinycolor2,1,0,0.000000,False
tinyglobby,1,0,0.000000,False
tippy.js,1,0,0.000000,False
tlds,1,0,0.000000,False
tmp,1,0,0.000000,False
to-ast,1,0,0.000000,False
to-querystring,1,0,0.000000,False
toastify-react-native,0,1,0.000000,True
topojson-client,1,0,0.000000,False
trim-canvas,1,0,0.000000,False
troika-three-text,1,0,0.000000,False
ts-easing,1,0,0.000000,False
ts-invariant,1,0,0.000000,False
ts-pattern,2,0,0.000000,False
tsconfig-paths,3,0,0.000000,False
tslib,20,0,0.000000,False
tss-react,0,3,0.000000,True
tsx,1,0,0.000000,False
tunnel-rat,1,0,0.000000,False
turbo-stream,1,0,0.000000,False
tween-functions,2,0,0.000000,False
twitch-video-element,1,0,0.000000,False
type-detect,1,0,0.000000,False
type-fest,1,0,0.000000,False
typescript,2,0,0.000000,False
ulid,1,0,0.000000,False
ultrahtml,1,0,0.000000,False
uncontrollable,1,0,0.000000,False
unified,2,0,0.000000,False
unist-builder,1,0,0.000000,False
unist-util-filter,1,0,0.000000,False
unist-util-visit,3,0,0.000000,False
unist-util-visit-parents,1,0,0.000000,False
universal-cookie,1,0,0.000000,False
update-input-width,2,0,0.000000,False
update-notifier,1,0,0.000000,False
url,1,0,0.000000,False
use-composed-ref,1,0,0.000000,False
use-context-selector,1,0,0.000000,False
use-debounce,1,0,0.000000,True
use-editable,1,0,0.000000,False
use-effect-event,1,0,0.000000,False
use-isomorphic-layout-effect,1,0,0.000000,False
use-latest,1,0,0.000000,False
use-latest-callback,6,0,0.000000,False
use-resize-observer,1,0,0.000000,False
use-ssr,1,0,0.000000,False
use-sync-external-store,22,0,0.000000,False
utf8,1,0,0.000000,False
utility-types,1,0,0.000000,False
uuid,2,0,0.000000,False
valibot,1,0,0.000000,False
validate-npm-package-name,1,0,0.000000,False
validator,1,0,0.000000,False
vanilla-swipe,1,0,0.000000,False
vaul,0,1,0.000000,True
vconsole,1,0,0.000000,False
velocity-animate,1,0,0.000000,False
velocity-react,1,4,0.000000,True
vfile,1,0,0.000000,False
victory-vendor,1,0,0.000000,False
video-react,0,5,0.000000,True
vimeo-video-element,1,0,0.000000,False
vite,2,0,0.000000,False
vite-node,1,0,0.000000,False
vitest-browser-react,0,0,0.000000,True
warn-once,3,0,0.000000,False
warning,13,0,0.000000,False
wcwidth,1,0,0.000000,False
webpack,2,0,0.000000,False
webpack-dev-server,2,0,0.000000,False
webpack-manifest-plugin,1,0,0.000000,False
webpack-merge,1,0,0.000000,False
whatwg-fetch,3,0,0.000000,False
whatwg-url-without-unicode,1,0,0.000000,False
which,1,0,0.000000,False
widest-line,1,0,0.000000,False
window-or-global,1,0,0.000000,False
wistia-video-element,1,0,0.000000,False
wix-design-systems-locale-utils,1,0,0.000000,False
wix-style-react,0,45,0.000000,True
workbox-webpack-plugin,1,0,0.000000,False
wrap-ansi,1,0,0.000000,False
ws,7,0,0.000000,False
xdate,1,0,0.000000,False
xss,1,0,0.000000,False
xstate,2,0,0.000000,False
yaml,1,0,0.000000,False
yargs,5,0,0.000000,False
yet-another-react-lightbox,0,0,0.000000,True
yoga-layout,1,0,0.000000,False
youtube-video-element,1,0,0.000000,False
zod,6,0,0.000000,False
zod-to-json-schema,1,0,0.000000,False
zod-validation-error,2,0,0.000000,False
zoom-level,1,0,0.000000,False
zustand,5,0,0.000000,True
