package,risk_score,in_degree,out_degree,betweenness,is_topN
es-abstract,0.534931,10,54,0.000785,True
tslib,0.500000,62,0,0.000000,True
@babel/helper-plugin-utils,0.467742,58,0,0.000000,True
@smithy/types,0.390249,48,1,0.000001,True
call-bound,0.382129,38,2,0.000183,True
jest-snapshot,0.303511,5,21,0.000532,True
get-intrinsic,0.290993,17,10,0.000328,True
@jest/types,0.284735,23,7,0.000207,True
@jest/transform,0.251456,6,15,0.000419,True
call-bind,0.251171,24,4,0.000121,True
@babel/traverse,0.231984,13,7,0.000280,True
es-errors,0.225806,28,0,0.000000,True
jest-util,0.216164,20,6,0.000099,True
@types/node,0.201331,23,1,0.000034,True
@babel/preset-env,0.200000,0,70,0.000000,True
@babel/core,0.199075,4,15,0.000324,True
debug,0.191845,21,1,0.000051,True
@jest/core,0.187008,2,28,0.000238,True
chalk,0.185484,23,0,0.000000,True
@babel/types,0.181088,18,2,0.000079,True
glob,0.180377,6,6,0.000301,True
define-properties,0.169973,18,3,0.000043,True
@aws-sdk/types,0.167595,20,2,0.000002,True
jest-message-util,0.166199,9,9,0.000178,True
@aws-sdk/core,0.158240,9,13,0.000127,True
@aws-sdk/client-sso,0.145173,1,38,0.000075,True
graceful-fs,0.145161,18,0,0.000000,True
jest-haste-map,0.136532,6,10,0.000156,True
jest-runtime,0.136254,3,22,0.000129,True
jest-config,0.133572,2,24,0.000128,True
babel-plugin-istanbul,0.129811,2,5,0.000260,True
pretty-format,0.128463,12,3,0.000061,True
es-object-atoms,0.126025,15,1,0.000006,True
@babel/helper-compilation-targets,0.121669,5,5,0.000176,True
gopd,0.120968,15,0,0.000000,True
@jridgewell/trace-mapping,0.120764,11,2,0.000069,True
reflect.getprototypeof,0.119487,2,8,0.000211,True
@smithy/protocol-http,0.118618,14,2,0.000000,True
babel-preset-current-node-syntax,0.116852,2,15,0.000151,True
hasown,0.114573,13,1,0.000018,True
semver,0.112903,14,0,0.000000,True
@smithy/property-provider,0.110553,13,2,0.000000,True
@babel/code-frame,0.100298,6,3,0.000113,True
@smithy/smithy-client,0.099703,6,7,0.000082,True
@smithy/node-config-provider,0.098052,10,4,0.000016,True
browserslist,0.097409,4,5,0.000133,True
eslint,0.097143,0,34,0.000000,True
slash,0.096774,12,0,0.000000,True
which-builtin-type,0.096391,1,13,0.000134,True
micromatch,0.096320,6,2,0.000111,True
has-tostringtag,0.095700,11,1,0.000011,True
jest-runner,0.094885,2,22,0.000042,True
@smithy/core,0.093769,5,10,0.000065,True
@babel/generator,0.091602,3,5,0.000139,True
@jest/test-result,0.089752,8,4,0.000036,True
@jest/reporters,0.088578,1,23,0.000039,True
get-proto,0.082592,7,2,0.000053,True
which-typed-array,0.082305,4,7,0.000079,True
@typescript-eslint/typescript-estree,0.081698,3,10,0.000076,True
jest-circus,0.080510,1,20,0.000040,True
is-typed-array,0.077367,7,1,0.000047,True
express,0.077143,0,27,0.000000,True
minimatch,0.076230,8,1,0.000023,True
side-channel,0.076181,3,5,0.000099,True
@smithy/util-utf8,0.073463,8,2,0.000008,True
@jest/get-type,0.072581,9,0,0.000000,False
@isaacs/cliui,0.072445,1,6,0.000124,True
@smithy/util-stream,0.072425,3,8,0.000066,True
jest-worker,0.072170,4,5,0.000067,True
@babel/helper-module-transforms,0.071504,5,3,0.000059,True
array-includes,0.071502,3,8,0.000064,True
webpack,0.071429,0,25,0.000000,True
@smithy/shared-ini-file-loader,0.070230,8,2,0.000000,True
@smithy/util-middleware,0.070230,8,2,0.000000,True
strip-ansi,0.068756,7,1,0.000025,True
@webassemblyjs/ast,0.068021,7,2,0.000015,True
@babel/helper-skip-transparent-expression-wrappers,0.067628,5,2,0.000057,True
cross-spawn,0.067504,3,3,0.000091,True
jest-validate,0.066883,5,6,0.000025,True
test-exclude,0.065497,1,3,0.000128,True
execa,0.064641,1,12,0.000058,True
has-symbols,0.064516,8,0,0.000000,True
minipass,0.064516,8,0,0.000000,True
@jest/console,0.064443,4,6,0.000039,True
@istanbuljs/load-nyc-config,0.063978,1,5,0.000109,True
string-width,0.063844,6,2,0.000026,True
jest-resolve,0.062408,4,8,0.000019,True
@jest/expect,0.062266,2,2,0.000106,True
jackspeak,0.061407,1,1,0.000132,True
@jest/fake-timers,0.061043,3,6,0.000052,True
jest-mock,0.060964,6,3,0.000010,True
@babel/parser,0.060244,7,1,0.000002,True
@babel/helper-define-polyfill-provider,0.058218,3,5,0.000052,True
fast-glob,0.057576,2,5,0.000071,True
jsdom,0.057143,0,20,0.000000,True
@aws-sdk/credential-provider-sso,0.056929,2,8,0.000047,True
@typescript-eslint/types,0.056452,7,0,0.000000,True
safe-buffer,0.056452,7,0,0.000000,True
expect,0.056418,3,6,0.000039,True
@jest/environment,0.055417,5,4,0.000010,True
is-data-view,0.054853,4,3,0.000037,True
internal-slot,0.054416,3,3,0.000057,True
eslint-plugin-import,0.054286,0,19,0.000000,True
mime-types,0.053901,6,1,0.000007,True
string.prototype.matchall,0.053873,1,13,0.000023,True
http-errors,0.053039,4,5,0.000017,True
@babel/template,0.052951,5,3,0.000011,True
parse-json,0.052319,4,3,0.000030,True
@babel/helper-create-regexp-features-plugin,0.052251,3,3,0.000051,True
send,0.052134,2,11,0.000012,True
@smithy/util-base64,0.051536,5,3,0.000007,True
eslint-plugin-react,0.051429,0,18,0.000000,True
@aws-sdk/credential-provider-http,0.050564,2,10,0.000015,True
typed-array-byte-offset,0.050192,1,7,0.000058,True
istanbul-lib-instrument,0.050058,2,5,0.000051,True
ajv,0.050034,4,4,0.000017,True
@babel/helper-create-class-features-plugin,0.049415,2,7,0.000035,True
typed-array-length,0.049402,1,6,0.000063,True
cacache,0.049236,1,11,0.000026,True
which-boxed-primitive,0.049162,2,5,0.000049,True
@babel/helper-annotate-as-pure,0.048607,5,1,0.000014,True
picocolors,0.048387,6,0,0.000000,True
picomatch,0.048387,6,0,0.000000,True
@types/estree,0.048387,6,0,0.000000,True
jest-regex-util,0.048387,6,0,0.000000,True
@smithy/node-http-handler,0.048308,3,5,0.000026,True
foreground-child,0.047288,1,2,0.000088,True
@smithy/middleware-endpoint,0.047056,2,8,0.000021,True
jest-cli,0.046886,1,10,0.000027,True
@smithy/url-parser,0.046439,4,3,0.000015,True
type-fest,0.046427,5,1,0.000009,True
safe-regex-test,0.046272,4,3,0.000014,True
call-bind-apply-helpers,0.046072,4,2,0.000021,True
wrap-ansi,0.045849,4,3,0.000013,True
@aws-sdk/credential-provider-ini,0.045763,1,13,0.000001,True
readable-stream,0.045565,3,5,0.000019,True
@webassemblyjs/wasm-parser,0.044978,3,6,0.000010,True
babel-jest,0.044450,1,7,0.000043,True
@aws-sdk/middleware-user-agent,0.044100,2,7,0.000021,True
has-property-descriptors,0.043795,5,1,0.000002,True
define-data-property,0.043388,4,3,0.000007,True
jest-watcher,0.042923,2,8,0.000010,True
@smithy/fetch-http-handler,0.042830,3,5,0.000011,True
array.prototype.flat,0.042641,2,4,0.000039,True
find-up,0.042510,2,2,0.000054,True
@smithy/util-buffer-from,0.042222,4,2,0.000011,True
resolve,0.042213,3,3,0.000025,True
p-limit,0.041315,4,1,0.000016,True
@webassemblyjs/wasm-gen,0.041186,3,5,0.000007,True
braces,0.041036,1,1,0.000079,True
regexpu-core,0.040855,1,6,0.000041,True
@smithy/credential-provider-imds,0.040694,3,5,0.000006,True
@babel/helper-validator-identifier,0.040323,5,0,0.000000,True
acorn,0.040323,5,0,0.000000,True
estraverse,0.040323,5,0,0.000000,True
object-inspect,0.040323,5,0,0.000000,True
@webassemblyjs/helper-wasm-bytecode,0.040323,5,0,0.000000,True
es-define-property,0.040323,5,0,0.000000,True
@types/babel__core,0.040158,2,5,0.000026,True
function.prototype.name,0.039829,2,6,0.000017,True
unbox-primitive,0.039569,1,4,0.000053,True
@babel/helper-replace-supers,0.039555,3,3,0.000018,True
jest-environment-node,0.039554,2,7,0.000009,True
@smithy/signature-v4,0.039441,1,8,0.000022,True
@typescript-eslint/visitor-keys,0.039375,4,2,0.000004,True
is-regex,0.039244,3,4,0.000009,True
for-each,0.038363,4,1,0.000009,True
is-generator-function,0.038250,2,5,0.000021,True
jest-matcher-utils,0.038250,3,4,0.000007,True
is-glob,0.038068,4,1,0.000008,True
regexp.prototype.flags,0.037661,2,6,0.000011,True
side-channel-map,0.037596,2,4,0.000026,True
object.values,0.037166,3,4,0.000004,True
ts-node,0.037143,0,13,0.000000,True
@aws-sdk/credential-provider-web-identity,0.036685,2,7,0.000001,True
on-finished,0.036591,4,1,0.000004,True
array.prototype.flatmap,0.036527,2,4,0.000023,True
once,0.036296,4,1,0.000003,True
object.fromentries,0.036252,2,4,0.000023,True
dunder-proto,0.036220,3,3,0.000009,True
@eslint/eslintrc,0.036141,1,9,0.000006,True
is-array-buffer,0.035619,3,3,0.000007,True
set-function-length,0.035520,1,6,0.000027,True
domhandler,0.035263,4,1,0.000000,True
body-parser,0.035255,1,9,0.000004,True
@jridgewell/gen-mapping,0.035158,3,2,0.000014,True
which-collection,0.034845,1,4,0.000040,True
es-set-tostringtag,0.034717,2,4,0.000019,True
@smithy/middleware-retry,0.034648,1,9,0.000002,True
jest-changed-files,0.034645,1,3,0.000047,True
object.assign,0.034633,2,6,0.000004,True
protobufjs,0.034286,0,12,0.000000,True
@aws-sdk/credential-provider-node,0.034286,0,12,0.000000,True
got,0.034286,0,12,0.000000,True
@aws-sdk/credential-provider-process,0.033680,2,6,0.000001,True
@smithy/middleware-serde,0.032913,3,3,0.000000,True
is-string,0.032732,3,2,0.000007,True
js-yaml,0.032660,3,1,0.000015,True
@webassemblyjs/wasm-edit,0.032595,1,8,0.000004,True
side-channel-weakmap,0.032388,1,5,0.000026,True
array.prototype.findlastindex,0.032378,1,7,0.000011,True
available-typed-arrays,0.032365,3,1,0.000014,True
lru-cache,0.032258,4,0,0.000000,True
escape-html,0.032258,4,0,0.000000,True
signal-exit,0.032258,4,0,0.000000,True
is-callable,0.032258,4,0,0.000000,True
exit-x,0.032258,4,0,0.000000,False
unicorn-magic,0.032258,4,0,0.000000,False
function-bind,0.032258,4,0,0.000000,True
@types/istanbul-lib-coverage,0.032258,4,0,0.000000,True
encodeurl,0.032258,4,0,0.000000,True
inherits,0.032258,4,0,0.000000,True
esutils,0.032258,4,0,0.000000,True
istanbul-lib-coverage,0.032258,4,0,0.000000,True
statuses,0.032258,4,0,0.000000,True
object-keys,0.032258,4,0,0.000000,True
domelementtype,0.032258,4,0,0.000000,True
@types/json-schema,0.032258,4,0,0.000000,True
eslint-visitor-keys,0.032258,4,0,0.000000,True
ignore,0.032258,4,0,0.000000,True
@typescript-eslint/utils,0.032208,2,4,0.000012,True
@aws-sdk/util-endpoints,0.032186,2,5,0.000005,True
schema-utils,0.031986,2,4,0.000012,True
jest-diff,0.031691,2,4,0.000011,True
@smithy/config-resolver,0.031596,2,5,0.000003,True
fill-range,0.031588,1,1,0.000054,True
make-fetch-happen,0.031429,0,11,0.000000,True
terser-webpack-plugin,0.031207,1,5,0.000023,True
is-core-module,0.031184,3,1,0.000011,True
@aws-sdk/credential-provider-env,0.030823,2,5,0.000001,True
yargs,0.030817,1,6,0.000015,True
@jest/schemas,0.030796,2,1,0.000031,True
is-symbol,0.030275,2,3,0.000015,True
@typescript-eslint/scope-manager,0.030129,3,2,0.000001,True
qs,0.029615,2,1,0.000028,True
ansi-escapes,0.029413,3,1,0.000006,True
set-function-name,0.029054,2,4,0.000004,True
has-proto,0.028867,3,1,0.000005,True
iconv-lite,0.028822,3,1,0.000005,True
@smithy/util-defaults-mode-node,0.028729,1,7,0.000002,True
jsonwebtoken,0.028571,0,10,0.000000,True
string.prototype.trim,0.028397,1,7,0.000001,True
@aws-sdk/token-providers,0.028360,1,7,0.000001,True
arraybuffer.prototype.slice,0.028101,1,7,0.000000,True
string.prototype.trimend,0.027982,2,4,0.000001,True
form-data,0.027960,1,5,0.000015,True
is-async-function,0.027861,1,5,0.000014,True
@smithy/querystring-builder,0.027825,2,3,0.000008,True
es-shim-unscopables,0.027703,3,1,0.000002,True
read-pkg,0.027369,1,5,0.000013,True
optionator,0.027126,1,6,0.000005,True
istanbul-lib-report,0.027121,2,3,0.000006,True
@babel/plugin-transform-classes,0.026766,1,6,0.000004,True
@babel/plugin-transform-dotall-regex,0.026666,2,2,0.000013,True
source-map-support,0.026567,2,2,0.000012,True
@typescript-eslint/type-utils,0.026557,1,5,0.000011,True
espree,0.026177,2,3,0.000004,True
@babel/helper-module-imports,0.026075,2,2,0.000011,True
type-is,0.025881,2,3,0.000003,True
@aws-sdk/region-config-resolver,0.025798,1,6,0.000002,True
domutils,0.025734,2,3,0.000003,True
@typescript-eslint/eslint-plugin,0.025714,0,9,0.000000,True
ora,0.025714,0,9,0.000000,True
@smithy/util-endpoints,0.025586,2,3,0.000002,True
stack-utils,0.025481,2,1,0.000017,True
@smithy/util-retry,0.025291,2,3,0.000002,True
finalhandler,0.025207,1,6,0.000000,True
log-update,0.025007,1,5,0.000007,True
es-to-primitive,0.024755,1,3,0.000021,True
import-fresh,0.024500,2,2,0.000007,True
safe-array-concat,0.024269,1,5,0.000005,True
safe-push-apply,0.024205,2,2,0.000006,True
import-local,0.024205,2,2,0.000006,True
buffer,0.024205,2,2,0.000006,True
update-browserslist-db,0.024196,1,2,0.000027,True
prelude-ls,0.024194,3,0,0.000000,True
json5,0.024194,3,0,0.000000,True
ansi-styles,0.024194,3,0,0.000000,True
entities,0.024194,3,0,0.000000,True
content-type,0.024194,3,0,0.000000,True
@istanbuljs/schema,0.024194,3,0,0.000000,True
@xtuc/long,0.024194,3,0,0.000000,False
@jest/pattern,0.024194,3,0,0.000000,False
@jridgewell/sourcemap-codec,0.024194,3,0,0.000000,True
collect-v8-coverage,0.024194,3,0,0.000000,True
punycode,0.024194,3,0,0.000000,True
parseurl,0.024194,3,0,0.000000,True
agent-base,0.024194,3,0,0.000000,True
fast-deep-equal,0.024194,3,0,0.000000,True
ms,0.024194,3,0,0.000000,True
resolve-from,0.024194,3,0,0.000000,True
ci-info,0.024194,3,0,0.000000,True
js-tokens,0.024194,3,0,0.000000,True
math-intrinsics,0.024194,3,0,0.000000,True
ts-api-utils,0.024194,3,0,0.000000,True
imurmurhash,0.024194,3,0,0.000000,True
@webassemblyjs/helper-buffer,0.024194,3,0,0.000000,True
isarray,0.024194,3,0,0.000000,True
@babel/compat-data,0.024194,3,0,0.000000,True
convert-source-map,0.024194,3,0,0.000000,True
@aws-sdk/nested-clients,0.024194,3,0,0.000000,False
is-unicode-supported,0.024194,3,0,0.000000,True
escape-string-regexp,0.024194,3,0,0.000000,True
@nodelib/fs.walk,0.024112,1,2,0.000027,True
spdx-expression-parse,0.023910,2,2,0.000005,True
is-date-object,0.023664,2,2,0.000005,True
@aws-sdk/middleware-recursion-detection,0.023531,1,5,0.000003,True
@babel/preset-modules,0.023531,1,5,0.000003,True
typed-array-byte-length,0.023369,1,5,0.000003,True
terser,0.023331,1,4,0.000010,True
locate-path,0.023322,1,1,0.000032,True
slice-ansi,0.023319,2,2,0.000004,True
whatwg-url,0.023319,2,2,0.000004,True
https-proxy-agent,0.023172,2,2,0.000003,True
eslint-scope,0.022877,2,2,0.000003,True
@testing-library/dom,0.022857,0,8,0.000000,True
@babel/helper-member-expression-to-functions,0.022719,2,2,0.000002,True
cli-cursor,0.022529,2,1,0.000009,True
jest-each,0.022449,1,5,0.000000,True
levn,0.022434,2,2,0.000002,True
core-js-compat,0.022424,2,1,0.000009,True
@aws-sdk/util-user-agent-node,0.022350,1,5,0.000000,True
babel-preset-jest,0.022341,1,2,0.000022,True
array-buffer-byte-length,0.021942,2,2,0.000000,True
string-length,0.021939,2,1,0.000008,True
@babel/plugin-transform-optional-chaining,0.021917,2,2,0.000000,True
@smithy/middleware-stack,0.021843,2,2,0.000000,True
to-regex-range,0.021550,1,1,0.000028,True
normalize-package-data,0.021360,1,3,0.000012,True
@types/istanbul-reports,0.021255,1,1,0.000027,True
@types/yargs,0.021255,1,1,0.000027,True
is-descriptor,0.020969,1,4,0.000004,True
walker,0.020960,1,1,0.000026,True
fb-watchman,0.020960,1,1,0.000026,True
write-file-atomic,0.020864,1,2,0.000019,True
@webassemblyjs/helper-numbers,0.020818,1,3,0.000011,True
@webassemblyjs/ieee754,0.020758,2,1,0.000005,True
@babel/plugin-transform-modules-systemjs,0.020682,1,4,0.000003,True
@aws-sdk/util-user-agent-browser,0.020674,1,4,0.000003,True
@jest/test-sequencer,0.020536,1,4,0.000003,True
jest-docblock,0.020462,2,1,0.000004,True
@types/express-serve-static-core,0.020428,1,4,0.000002,True
object.groupby,0.020400,1,3,0.000010,True
@jest/globals,0.020330,1,4,0.000002,True
@babel/plugin-proposal-private-property-in-object,0.020231,1,4,0.000002,True
whatwg-encoding,0.020167,2,1,0.000003,True
pkg-dir,0.020167,2,1,0.000003,True
glob-parent,0.020167,2,1,0.000003,True
jsx-ast-utils,0.020110,1,4,0.000002,True
raw-body,0.020084,1,4,0.000002,True
@webassemblyjs/leb128,0.020020,2,1,0.000003,True
inquirer,0.020000,0,7,0.000000,True
object.entries,0.019943,1,4,0.000001,True
@babel/helper-optimise-call-expression,0.019862,2,1,0.000002,True
@babel/helper-remap-async-to-generator,0.019785,1,3,0.000008,True
@smithy/hash-node,0.019724,1,4,0.000001,True
@eslint/core,0.019577,2,1,0.000002,True
doctrine,0.019577,2,1,0.000002,True
@smithy/util-defaults-mode-browser,0.019567,1,4,0.000000,True
@aws-sdk/middleware-host-header,0.019493,1,4,0.000000,True
serve-static,0.019493,1,4,0.000000,True
@webassemblyjs/wasm-opt,0.019493,1,4,0.000000,True
@webassemblyjs/helper-wasm-section,0.019493,1,4,0.000000,True
@eslint-community/eslint-utils,0.019429,2,1,0.000001,True
@jest/source-map,0.019352,1,3,0.000007,True
@babel/plugin-syntax-import-attributes,0.019028,2,1,0.000000,True
@babel/plugin-syntax-private-property-in-object,0.019028,2,1,0.000000,True
anymatch,0.018995,1,2,0.000014,True
@smithy/util-body-length-browser,0.018986,2,1,0.000000,True
@types/send,0.018986,2,1,0.000000,True
type-check,0.018986,2,1,0.000000,True
@smithy/service-error-classification,0.018986,2,1,0.000000,True
@jest/expect-utils,0.018986,2,1,0.000000,True
@smithy/util-config-provider,0.018986,2,1,0.000000,True
ssri,0.018986,2,1,0.000000,True
@smithy/util-hex-encoding,0.018986,2,1,0.000000,True
@smithy/is-array-buffer,0.018986,2,1,0.000000,True
is-weakref,0.018986,2,1,0.000000,True
@smithy/util-uri-escape,0.018986,2,1,0.000000,True
@nodelib/fs.scandir,0.018798,1,2,0.000013,True
p-locate,0.018598,1,1,0.000020,True
cliui,0.018555,1,3,0.000005,True
flat-cache,0.018407,1,3,0.000005,True
which,0.018303,1,1,0.000019,True
shebang-command,0.018303,1,1,0.000019,True
cssstyle,0.018112,1,3,0.000004,True
unicode-match-property-ecmascript,0.017912,1,2,0.000011,True
prop-types,0.017817,1,3,0.000003,True
jwa,0.017817,1,3,0.000003,True
@aws-crypto/sha256-js,0.017817,1,3,0.000003,True
set-proto,0.017788,1,3,0.000003,True
is-weakset,0.017617,1,2,0.000010,True
eslint-import-resolver-node,0.017522,1,3,0.000002,True
tar-stream,0.017522,1,3,0.000002,True
@aws-crypto/util,0.017522,1,3,0.000002,True
node-fetch,0.017522,1,3,0.000002,True
tsconfig-paths,0.017522,1,3,0.000002,True
postcss,0.017522,1,3,0.000002,True
@babel/plugin-transform-async-to-generator,0.017522,1,3,0.000002,True
babel-plugin-polyfill-corejs2,0.017508,1,3,0.000002,True
istanbul-lib-source-maps,0.017492,1,3,0.000002,True
@babel/plugin-transform-function-name,0.017456,1,3,0.000002,True
@sinonjs/fake-timers,0.017417,1,1,0.000017,True
restore-cursor,0.017322,1,2,0.000009,True
validate-npm-package-license,0.017322,1,2,0.000009,True
@types/serve-static,0.017276,1,3,0.000002,True
dom-serializer,0.017226,1,3,0.000002,True
@babel/helper-wrap-function,0.017153,1,3,0.000001,True
autoprefixer,0.017143,0,6,0.000000,True
listr2,0.017143,0,6,0.000000,True
vite,0.017143,0,6,0.000000,True
globby,0.017143,0,6,0.000000,True
v8-to-istanbul,0.016882,1,3,0.000001,True
@babel/plugin-bugfix-v8-spread-parameters-in-optional-chaining,0.016710,1,3,0.000000,True
string.prototype.trimstart,0.016673,1,3,0.000000,True
data-view-byte-length,0.016636,1,3,0.000000,True
@typescript-eslint/project-service,0.016636,1,3,0.000000,True
get-symbol-description,0.016636,1,3,0.000000,True
@smithy/middleware-content-length,0.016636,1,3,0.000000,True
own-keys,0.016636,1,3,0.000000,True
data-view-buffer,0.016636,1,3,0.000000,True
@aws-sdk/middleware-logger,0.016636,1,3,0.000000,True
typed-array-buffer,0.016636,1,3,0.000000,True
data-view-byte-offset,0.016636,1,3,0.000000,True
path-scurry,0.016288,1,2,0.000007,True
makeerror,0.016236,1,1,0.000014,True
bser,0.016236,1,1,0.000014,True
is-arrayish,0.016129,2,0,0.000000,True
@nodelib/fs.stat,0.016129,2,0,0.000000,True
@typescript-eslint/tsconfig-utils,0.016129,2,0,0.000000,True
supports-color,0.016129,2,0,0.000000,True
@eslint-community/regexpp,0.016129,2,0,0.000000,True
indent-string,0.016129,2,0,0.000000,True
etag,0.016129,2,0,0.000000,True
emittery,0.016129,2,0,0.000000,True
caniuse-lite,0.016129,2,0,0.000000,True
tapable,0.016129,2,0,0.000000,True
regenerate,0.016129,2,0,0.000000,True
@smithy/uuid,0.016129,2,0,0.000000,False
range-parser,0.016129,2,0,0.000000,True
fdir,0.016129,2,0,0.000000,True
natural-compare,0.016129,2,0,0.000000,True
jsesc,0.016129,2,0,0.000000,True
webidl-conversions,0.016129,2,0,0.000000,True
path-type,0.016129,2,0,0.000000,True
buffer-from,0.016129,2,0,0.000000,True
bytes,0.016129,2,0,0.000000,True
source-map-js,0.016129,2,0,0.000000,True
@webassemblyjs/helper-api-error,0.016129,2,0,0.000000,True
path-key,0.016129,2,0,0.000000,True
react-is,0.016129,2,0,0.000000,True
boolbase,0.016129,2,0,0.000000,True
is-stream,0.016129,2,0,0.000000,True
spdx-license-ids,0.016129,2,0,0.000000,True
whatwg-mimetype,0.016129,2,0,0.000000,True
is-inside-container,0.016129,2,0,0.000000,False
yoctocolors,0.016129,2,0,0.000000,False
@opentelemetry/semantic-conventions,0.016129,2,0,0.000000,True
@sindresorhus/merge-streams,0.016129,2,0,0.000000,False
is-set,0.016129,2,0,0.000000,True
fresh,0.016129,2,0,0.000000,True
minipass-pipeline,0.016129,2,0,0.000000,False
universalify,0.016129,2,0,0.000000,True
wrappy,0.016129,2,0,0.000000,True
escalade,0.016129,2,0,0.000000,True
find-up-simple,0.016129,2,0,0.000000,False
strip-json-comments,0.016129,2,0,0.000000,True
callsites,0.016129,2,0,0.000000,True
functions-have-names,0.016129,2,0,0.000000,True
negotiator,0.016129,2,0,0.000000,True
glob-to-regexp,0.016129,2,0,0.000000,True
get-east-asian-width,0.016129,2,0,0.000000,False
source-map,0.016129,2,0,0.000000,True
has-bigints,0.016129,2,0,0.000000,True
xml-name-validator,0.016129,2,0,0.000000,True
@babel/helper-validator-option,0.016129,2,0,0.000000,True
camelcase,0.016129,2,0,0.000000,True
@babel/helper-globals,0.016129,2,0,0.000000,True
possible-typed-array-names,0.016129,2,0,0.000000,True
strip-bom,0.016129,2,0,0.000000,True
minipass-flush,0.016129,2,0,0.000000,False
package-json-from-dist,0.016129,2,0,0.000000,True
events,0.016129,2,0,0.000000,True
color-name,0.016129,2,0,0.000000,True
@floating-ui/utils,0.016129,2,0,0.000000,False
@webassemblyjs/utf8,0.016129,2,0,0.000000,True
npm-run-path,0.015944,1,2,0.000006,True
@jridgewell/source-map,0.015550,1,2,0.000005,True
get-stream,0.015255,1,2,0.000004,True
jws,0.014960,1,2,0.000003,True
css-tree,0.014960,1,2,0.000003,True
istanbul-reports,0.014960,1,2,0.000003,True
@babel/plugin-transform-named-capturing-groups-regex,0.014763,1,2,0.000003,True
@babel/plugin-transform-unicode-regex,0.014763,1,2,0.000003,True
is-boolean-object,0.014758,1,2,0.000003,True
is-number-object,0.014758,1,2,0.000003,True
pump,0.014665,1,2,0.000002,True
babel-plugin-polyfill-corejs3,0.014650,1,2,0.000002,True
@babel/plugin-transform-destructuring,0.014599,1,2,0.000002,True
jest-leak-detector,0.014517,1,2,0.000002,True
@sinonjs/commons,0.014464,1,1,0.000009,True
is-arguments,0.014420,1,2,0.000002,True
cli-truncate,0.014369,1,2,0.000002,True
proxy-addr,0.014369,1,2,0.000002,True
spdx-correct,0.014369,1,2,0.000002,True
socks,0.014369,1,2,0.000002,True
@babel/plugin-transform-computed-properties,0.014293,1,2,0.000001,True
@typescript-eslint/parser,0.014286,0,5,0.000000,True
tar,0.014286,0,5,0.000000,True
util,0.014286,0,5,0.000000,True
css-select,0.014286,0,5,0.000000,True
@types/body-parser,0.014271,1,2,0.000001,True
http-proxy-agent,0.014222,1,2,0.000001,True
@webassemblyjs/wast-printer,0.014172,1,2,0.000001,True
@babel/plugin-transform-private-methods,0.014074,1,2,0.000001,True
log-symbols,0.014074,1,2,0.000001,True
@babel/plugin-transform-object-super,0.014074,1,2,0.000001,True
accepts,0.014074,1,2,0.000001,True
@eslint/plugin-kit,0.013926,1,2,0.000000,True
@babel/plugin-transform-modules-commonjs,0.013853,1,2,0.000000,True
@babel/plugin-transform-spread,0.013853,1,2,0.000000,True
@babel/plugin-transform-modules-amd,0.013853,1,2,0.000000,True
@babel/plugin-transform-for-of,0.013853,1,2,0.000000,True
@babel/plugin-transform-modules-umd,0.013853,1,2,0.000000,True
globalthis,0.013816,1,2,0.000000,True
data-urls,0.013779,1,2,0.000000,True
@smithy/abort-controller,0.013779,1,2,0.000000,True
@smithy/invalid-dependency,0.013779,1,2,0.000000,True
watchpack,0.013779,1,2,0.000000,True
@smithy/querystring-parser,0.013779,1,2,0.000000,True
@babel/helpers,0.013779,1,2,0.000000,True
stop-iteration-iterator,0.013779,1,2,0.000000,True
jest-resolve-dependencies,0.013779,1,2,0.000000,True
side-channel-list,0.013779,1,2,0.000000,True
is-accessor-descriptor,0.013779,1,2,0.000000,True
enhanced-resolve,0.013779,1,2,0.000000,True
@types/babel__template,0.013779,1,2,0.000000,True
tinyglobby,0.013779,1,2,0.000000,True
run-parallel,0.013579,1,1,0.000007,True
fastq,0.013284,1,1,0.000006,True
babel-plugin-jest-hoist,0.013284,1,1,0.000006,True
regjsparser,0.012693,1,1,0.000005,True
onetime,0.012398,1,1,0.000004,True
figures,0.012398,1,1,0.000004,True
string_decoder,0.012103,1,1,0.000003,True
unique-filename,0.012103,1,1,0.000003,True
file-entry-cache,0.012103,1,1,0.000003,True
abort-controller,0.012103,1,1,0.000003,True
parent-module,0.012103,1,1,0.000003,True
@babel/plugin-syntax-jsx,0.012029,1,1,0.000003,True
@babel/plugin-syntax-typescript,0.012029,1,1,0.000003,True
unique-slug,0.011807,1,1,0.000002,True
hosted-git-info,0.011807,1,1,0.000002,True
tr46,0.011807,1,1,0.000002,True
@cspotcode/source-map-support,0.011807,1,1,0.000002,True
resolve-cwd,0.011807,1,1,0.000002,True
babel-plugin-polyfill-regenerator,0.011793,1,1,0.000002,True
fast-levenshtein,0.011512,1,1,0.000002,True
combined-stream,0.011512,1,1,0.000002,True
loose-envify,0.011512,1,1,0.000002,True
@npmcli/fs,0.011512,1,1,0.000002,True
is-bigint,0.011512,1,1,0.000002,True
jest,0.011429,0,4,0.000000,True
cosmiconfig,0.011429,0,4,0.000000,True
open,0.011429,0,4,0.000000,True
file-type,0.011429,0,4,0.000000,True
concat-stream,0.011429,0,4,0.000000,True
escodegen,0.011429,0,4,0.000000,True
@babel/highlight,0.011429,0,4,0.000000,True
htmlparser2,0.011429,0,4,0.000000,True
bl,0.011429,0,4,0.000000,True
is-fullwidth-code-point,0.011365,1,1,0.000001,True
ajv-keywords,0.011365,1,1,0.000001,True
tough-cookie,0.011217,1,1,0.000001,True
keyv,0.011217,1,1,0.000001,True
content-disposition,0.011217,1,1,0.000001,True
is-extendable,0.011217,1,1,0.000001,True
@types/istanbul-lib-report,0.011217,1,1,0.000001,True
decompress-response,0.011217,1,1,0.000001,True
parse5,0.011217,1,1,0.000001,True
rollup,0.011217,1,1,0.000001,True
rxjs,0.011217,1,1,0.000001,True
clean-stack,0.011217,1,1,0.000001,True
saxes,0.011217,1,1,0.000001,True
@opentelemetry/api-logs,0.011217,1,1,0.000001,True
esquery,0.011069,1,1,0.000000,True
color-string,0.011069,1,1,0.000000,True
color-convert,0.011069,1,1,0.000000,True
@babel/plugin-syntax-async-generators,0.010964,1,1,0.000000,True
@babel/plugin-syntax-class-properties,0.010964,1,1,0.000000,True
@babel/plugin-syntax-numeric-separator,0.010964,1,1,0.000000,True
@babel/plugin-syntax-import-meta,0.010964,1,1,0.000000,True
@babel/plugin-syntax-optional-chaining,0.010964,1,1,0.000000,True
@babel/plugin-syntax-object-rest-spread,0.010964,1,1,0.000000,True
@babel/plugin-syntax-class-static-block,0.010964,1,1,0.000000,True
@babel/plugin-syntax-logical-assignment-operators,0.010964,1,1,0.000000,True
@babel/plugin-syntax-optional-catch-binding,0.010964,1,1,0.000000,True
@babel/plugin-syntax-json-strings,0.010964,1,1,0.000000,True
@babel/plugin-syntax-top-level-await,0.010964,1,1,0.000000,True
@babel/plugin-syntax-nullish-coalescing-operator,0.010964,1,1,0.000000,True
@babel/plugin-transform-shorthand-properties,0.010922,1,1,0.000000,True
@types/connect,0.010922,1,1,0.000000,True
@babel/plugin-transform-property-literals,0.010922,1,1,0.000000,True
@babel/plugin-transform-reserved-words,0.010922,1,1,0.000000,True
eslint-module-utils,0.010922,1,1,0.000000,True
@babel/plugin-transform-template-literals,0.010922,1,1,0.000000,True
@babel/plugin-transform-new-target,0.010922,1,1,0.000000,True
@babel/plugin-transform-exponentiation-operator,0.010922,1,1,0.000000,True
minizlib,0.010922,1,1,0.000000,True
end-of-stream,0.010922,1,1,0.000000,True
html-encoding-sniffer,0.010922,1,1,0.000000,True
@babel/plugin-transform-typeof-symbol,0.010922,1,1,0.000000,True
estree-walker,0.010922,1,1,0.000000,True
@babel/plugin-transform-sticky-regex,0.010922,1,1,0.000000,True
jsonfile,0.010922,1,1,0.000000,True
@opentelemetry/core,0.010922,1,1,0.000000,True
@babel/plugin-transform-literals,0.010922,1,1,0.000000,True
@babel/plugin-transform-block-scoped-functions,0.010922,1,1,0.000000,True
is-shared-array-buffer,0.010922,1,1,0.000000,True
ajv-formats,0.010922,1,1,0.000000,True
@types/babel__generator,0.010922,1,1,0.000000,True
@babel/plugin-transform-unicode-escapes,0.010922,1,1,0.000000,True
ecdsa-sig-formatter,0.010922,1,1,0.000000,True
@floating-ui/core,0.010922,1,1,0.000000,True
@types/babel__traverse,0.010922,1,1,0.000000,True
@babel/plugin-transform-regenerator,0.010922,1,1,0.000000,True
acorn-walk,0.010922,1,1,0.000000,True
@smithy/util-body-length-node,0.010922,1,1,0.000000,True
is-finalizationregistry,0.010922,1,1,0.000000,True
@babel/plugin-transform-duplicate-keys,0.010922,1,1,0.000000,True
@babel/plugin-transform-parameters,0.010922,1,1,0.000000,True
@babel/plugin-transform-member-expression-literals,0.010922,1,1,0.000000,True
@babel/plugin-bugfix-safari-id-destructuring-collision-in-function-expression,0.010922,1,1,0.000000,True
regenerate-unicode-properties,0.010922,1,1,0.000000,True
@babel/plugin-syntax-import-assertions,0.010922,1,1,0.000000,True
fs-minipass,0.010922,1,1,0.000000,True
@babel/plugin-transform-block-scoping,0.010922,1,1,0.000000,True
@babel/plugin-transform-arrow-functions,0.010922,1,1,0.000000,True
w3c-xmlserializer,0.010922,1,1,0.000000,True
nth-check,0.010922,1,1,0.000000,True
esrecurse,0.010922,1,1,0.000000,True
@humanwhocodes/config-array,0.008571,0,3,0.000000,True
socks-proxy-agent,0.008571,0,3,0.000000,True
@vitest/utils,0.008571,0,3,0.000000,True
@types/express,0.008571,0,3,0.000000,True
@rollup/pluginutils,0.008571,0,3,0.000000,True
axios,0.008571,0,3,0.000000,True
read-pkg-up,0.008571,0,3,0.000000,True
@opentelemetry/instrumentation,0.008571,0,3,0.000000,True
fs-extra,0.008571,0,3,0.000000,True
gaxios,0.008571,0,3,0.000000,True
lowercase-keys,0.008065,1,0,0.000000,True
@types/normalize-package-data,0.008065,1,0,0.000000,False
bowser,0.008065,1,0,0.000000,False
argparse,0.008065,1,0,0.000000,True
fast-json-stable-stringify,0.008065,1,0,0.000000,True
fast-fifo,0.008065,1,0,0.000000,False
require-in-the-middle,0.008065,1,0,0.000000,False
uuid,0.008065,1,0,0.000000,True
commander,0.008065,1,0,0.000000,True
es-iterator-helpers,0.008065,1,0,0.000000,False
@protobufjs/fetch,0.008065,1,0,0.000000,False
media-typer,0.008065,1,0,0.000000,True
@humanwhocodes/retry,0.008065,1,0,0.000000,True
tinyrainbow,0.008065,1,0,0.000000,False
@babel/plugin-transform-numeric-separator,0.008065,1,0,0.000000,False
@aws-crypto/sha256-browser,0.008065,1,0,0.000000,False
buffer-equal-constant-time,0.008065,1,0,0.000000,True
@xtuc/ieee754,0.008065,1,0,0.000000,True
forwarded,0.008065,1,0,0.000000,True
lodash.isplainobject,0.008065,1,0,0.000000,True
ipaddr.js,0.008065,1,0,0.000000,True
cli-spinners,0.008065,1,0,0.000000,True
esbuild,0.008065,1,0,0.000000,True
y18n,0.008065,1,0,0.000000,True
http-cache-semantics,0.008065,1,0,0.000000,True
strip-final-newline,0.008065,1,0,0.000000,True
string.prototype.repeat,0.008065,1,0,0.000000,False
import-in-the-middle,0.008065,1,0,0.000000,False
@eslint/config-helpers,0.008065,1,0,0.000000,False
@bcoe/v8-coverage,0.008065,1,0,0.000000,True
@inquirer/ansi,0.008065,1,0,0.000000,False
@vitest/pretty-format,0.008065,1,0,0.000000,False
@asamuzakjp/css-color,0.008065,1,0,0.000000,False
@humanfs/node,0.008065,1,0,0.000000,False
is-extglob,0.008065,1,0,0.000000,True
lodash.once,0.008065,1,0,0.000000,True
kleur,0.008065,1,0,0.000000,True
@babel/plugin-transform-export-namespace-from,0.008065,1,0,0.000000,False
lodash.merge,0.008065,1,0,0.000000,True
@babel/plugin-transform-nullish-coalescing-operator,0.008065,1,0,0.000000,False
merge-descriptors,0.008065,1,0,0.000000,True
http2-wrapper,0.008065,1,0,0.000000,False
@babel/plugin-transform-logical-assignment-operators,0.008065,1,0,0.000000,False
@babel/runtime,0.008065,1,0,0.000000,True
@isaacs/fs-minipass,0.008065,1,0,0.000000,False
default-browser,0.008065,1,0,0.000000,False
strtok3,0.008065,1,0,0.000000,False
html-escaper,0.008065,1,0,0.000000,True
streamx,0.008065,1,0,0.000000,False
vary,0.008065,1,0,0.000000,True
is-plain-obj,0.008065,1,0,0.000000,True
@radix-ui/react-slot,0.008065,1,0,0.000000,False
@babel/plugin-proposal-unicode-property-regex,0.008065,1,0,0.000000,False
css-what,0.008065,1,0,0.000000,True
yn,0.008065,1,0,0.000000,True
lodash.isnumber,0.008065,1,0,0.000000,False
mime-db,0.008065,1,0,0.000000,True
@babel/plugin-transform-async-generator-functions,0.008065,1,0,0.000000,False
unrs-resolver,0.008065,1,0,0.000000,False
nanoid,0.008065,1,0,0.000000,True
rrweb-cssom,0.008065,1,0,0.000000,False
@csstools/css-syntax-patches-for-csstree,0.008065,1,0,0.000000,False
eventemitter3,0.008065,1,0,0.000000,True
event-target-shim,0.008065,1,0,0.000000,True
xmlchars,0.008065,1,0,0.000000,True
v8-compile-cache-lib,0.008065,1,0,0.000000,True
assign-symbols,0.008065,1,0,0.000000,False
ws,0.008065,1,0,0.000000,True
lodash.isboolean,0.008065,1,0,0.000000,False
json-schema-traverse,0.008065,1,0,0.000000,True
chownr,0.008065,1,0,0.000000,True
sax,0.008065,1,0,0.000000,True
@babel/plugin-syntax-unicode-sets-regex,0.008065,1,0,0.000000,False
@babel/plugin-transform-class-static-block,0.008065,1,0,0.000000,False
generator-function,0.008065,1,0,0.000000,False
@aws-sdk/xml-builder,0.008065,1,0,0.000000,False
symbol-tree,0.008065,1,0,0.000000,True
@tsconfig/node16,0.008065,1,0,0.000000,True
isobject,0.008065,1,0,0.000000,True
webpack-sources,0.008065,1,0,0.000000,True
long,0.008065,1,0,0.000000,True
@protobufjs/base64,0.008065,1,0,0.000000,False
requires-port,0.008065,1,0,0.000000,True
responselike,0.008065,1,0,0.000000,False
acorn-import-phases,0.008065,1,0,0.000000,False
es-module-lexer,0.008065,1,0,0.000000,True
strnum,0.008065,1,0,0.000000,True
minipass-collect,0.008065,1,0,0.000000,False
@babel/plugin-transform-unicode-property-regex,0.008065,1,0,0.000000,False
mimic-function,0.008065,1,0,0.000000,False
deepmerge,0.008065,1,0,0.000000,True
sisteransi,0.008065,1,0,0.000000,True
xmlbuilder,0.008065,1,0,0.000000,True
yallist,0.008065,1,0,0.000000,True
deep-is,0.008065,1,0,0.000000,True
@babel/plugin-transform-explicit-resource-management,0.008065,1,0,0.000000,False
leven,0.008065,1,0,0.000000,True
cjs-module-lexer,0.008065,1,0,0.000000,True
p-map,0.008065,1,0,0.000000,True
@types/eslint-scope,0.008065,1,0,0.000000,False
fraction.js,0.008065,1,0,0.000000,False
undici-types,0.008065,1,0,0.000000,True
unicode-canonical-property-names-ecmascript,0.008065,1,0,0.000000,True
rfdc,0.008065,1,0,0.000000,True
balanced-match,0.008065,1,0,0.000000,True
async-function,0.008065,1,0,0.000000,True
json-parse-even-better-errors,0.008065,1,0,0.000000,True
yocto-queue,0.008065,1,0,0.000000,True
@protobufjs/path,0.008065,1,0,0.000000,False
@humanwhocodes/object-schema,0.008065,1,0,0.000000,True
@opentelemetry/api,0.008065,1,0,0.000000,True
lodash.isstring,0.008065,1,0,0.000000,False
@jest/snapshot-utils,0.008065,1,0,0.000000,False
@sec-ant/readable-stream,0.008065,1,0,0.000000,False
queue-microtask,0.008065,1,0,0.000000,True
@protobufjs/eventemitter,0.008065,1,0,0.000000,False
@inquirer/type,0.008065,1,0,0.000000,False
util-deprecate,0.008065,1,0,0.000000,True
normalize-path,0.008065,1,0,0.000000,True
@protobufjs/utf8,0.008065,1,0,0.000000,False
regjsgen,0.008065,1,0,0.000000,False
@tsconfig/node10,0.008065,1,0,0.000000,True
run-async,0.008065,1,0,0.000000,True
@babel/helper-string-parser,0.008065,1,0,0.000000,True
@types/qs,0.008065,1,0,0.000000,True
normalize-range,0.008065,1,0,0.000000,False
cookie,0.008065,1,0,0.000000,True
environment,0.008065,1,0,0.000000,False
loader-runner,0.008065,1,0,0.000000,True
get-caller-file,0.008065,1,0,0.000000,True
@babel/plugin-transform-object-rest-spread,0.008065,1,0,0.000000,False
@eslint/config-array,0.008065,1,0,0.000000,False
jest-pnp-resolver,0.008065,1,0,0.000000,True
cacheable-request,0.008065,1,0,0.000000,False
require-from-string,0.008065,1,0,0.000000,True
reusify,0.008065,1,0,0.000000,True
defaults,0.008065,1,0,0.000000,True
diff,0.008065,1,0,0.000000,True
form-data-encoder,0.008065,1,0,0.000000,False
@rtsao/scc,0.008065,1,0,0.000000,False
synckit,0.008065,1,0,0.000000,False
@babel/plugin-bugfix-safari-class-field-initializer-scope,0.008065,1,0,0.000000,False
@types/range-parser,0.008065,1,0,0.000000,True
@inquirer/prompts,0.008065,1,0,0.000000,False
pirates,0.008065,1,0,0.000000,True
@babel/plugin-bugfix-firefox-class-in-computed-class-key,0.008065,1,0,0.000000,False
proxy-from-env,0.008065,1,0,0.000000,True
array.prototype.tosorted,0.008065,1,0,0.000000,False
@tsconfig/node14,0.008065,1,0,0.000000,True
json-stable-stringify-without-jsonify,0.008065,1,0,0.000000,True
fetch-blob,0.008065,1,0,0.000000,False
@protobufjs/codegen,0.008065,1,0,0.000000,False
lz-string,0.008065,1,0,0.000000,False
strip-ansi-cjs,0.008065,1,0,0.000000,False
neo-async,0.008065,1,0,0.000000,True
cacheable,0.008065,1,0,0.000000,False
spdx-exceptions,0.008065,1,0,0.000000,True
cookie-signature,0.008065,1,0,0.000000,True
fast-uri,0.008065,1,0,0.000000,True
is-data-descriptor,0.008065,1,0,0.000000,False
data-uri-to-buffer,0.008065,1,0,0.000000,True
object-assign,0.008065,1,0,0.000000,True
@babel/plugin-transform-unicode-sets-regex,0.008065,1,0,0.000000,False
@npmcli/agent,0.008065,1,0,0.000000,False
ieee754,0.008065,1,0,0.000000,True
graphemer,0.008065,1,0,0.000000,True
fastest-levenshtein,0.008065,1,0,0.000000,False
@octokit/openapi-types,0.008065,1,0,0.000000,False
@szmarczak/http-timer,0.008065,1,0,0.000000,False
@ungap/structured-clone,0.008065,1,0,0.000000,True
setprototypeof,0.008065,1,0,0.000000,True
pend,0.008065,1,0,0.000000,False
minipass-fetch,0.008065,1,0,0.000000,False
@jridgewell/remapping,0.008065,1,0,0.000000,False
array.prototype.findlast,0.008065,1,0,0.000000,False
human-signals,0.008065,1,0,0.000000,True
is-potential-custom-element-name,0.008065,1,0,0.000000,True
loupe,0.008065,1,0,0.000000,True
formdata-polyfill,0.008065,1,0,0.000000,False
cssesc,0.008065,1,0,0.000000,True
abbrev,0.008065,1,0,0.000000,True
lodash.includes,0.008065,1,0,0.000000,False
merge-stream,0.008065,1,0,0.000000,True
@aws/lambda-invoke-store,0.008065,1,0,0.000000,False
colorette,0.008065,1,0,0.000000,True
proc-log,0.008065,1,0,0.000000,True
@sinclair/typebox,0.008065,1,0,0.000000,True
@protobufjs/float,0.008065,1,0,0.000000,True
pretty-ms,0.008065,1,0,0.000000,False
globals,0.008065,1,0,0.000000,True
buffer-crc32,0.008065,1,0,0.000000,True
@babel/plugin-transform-regexp-modifiers,0.008065,1,0,0.000000,False
mdn-data,0.008065,1,0,0.000000,True
lodash.debounce,0.008065,1,0,0.000000,True
@webassemblyjs/floating-point-hex-parser,0.008065,1,0,0.000000,True
postcss-value-parser,0.008065,1,0,0.000000,True
@isaacs/brace-expansion,0.008065,1,0,0.000000,False
@babel/plugin-syntax-bigint,0.008065,1,0,0.000000,False
@babel/plugin-transform-dynamic-import,0.008065,1,0,0.000000,False
pure-rand,0.008065,1,0,0.000000,True
string-width-cjs,0.008065,1,0,0.000000,False
@babel/plugin-transform-optional-catch-binding,0.008065,1,0,0.000000,False
ansi-regex,0.008065,1,0,0.000000,True
tmpl,0.008065,1,0,0.000000,True
type-detect,0.008065,1,0,0.000000,True
extend,0.008065,1,0,0.000000,True
word-wrap,0.008065,1,0,0.000000,True
readdirp,0.008065,1,0,0.000000,True
@babel/plugin-transform-json-strings,0.008065,1,0,0.000000,False
b4a,0.008065,1,0,0.000000,False
decimal.js,0.008065,1,0,0.000000,True
promise-retry,0.008065,1,0,0.000000,False
mimic-response,0.008065,1,0,0.000000,True
p-cancelable,0.008065,1,0,0.000000,True
make-dir,0.008065,1,0,0.000000,True
ee-first,0.008065,1,0,0.000000,True
isexe,0.008065,1,0,0.000000,True
process,0.008065,1,0,0.000000,True
wsl-utils,0.008065,1,0,0.000000,False
env-paths,0.008065,1,0,0.000000,True
@babel/plugin-transform-private-property-in-object,0.008065,1,0,0.000000,False
minimist,0.008065,1,0,0.000000,True
acorn-jsx,0.008065,1,0,0.000000,True
path-parse,0.008065,1,0,0.000000,True
@tsconfig/node12,0.008065,1,0,0.000000,True
@babel/plugin-transform-duplicate-named-capturing-groups-regex,0.008065,1,0,0.000000,False
merge2,0.008065,1,0,0.000000,True
shebang-regex,0.008065,1,0,0.000000,True
lodash.isinteger,0.008065,1,0,0.000000,False
@types/yargs-parser,0.008065,1,0,0.000000,True
get-package-type,0.008065,1,0,0.000000,True
asynckit,0.008065,1,0,0.000000,True
@jridgewell/resolve-uri,0.008065,1,0,0.000000,True
@types/stack-utils,0.008065,1,0,0.000000,True
csstype,0.008065,1,0,0.000000,True
resolve-pkg-maps,0.008065,1,0,0.000000,False
base64-js,0.008065,1,0,0.000000,True
serialize-javascript,0.008065,1,0,0.000000,True
aria-query,0.008065,1,0,0.000000,True
scheduler,0.008065,1,0,0.000000,True
chrome-trace-event,0.008065,1,0,0.000000,True
arg,0.008065,1,0,0.000000,True
router,0.008065,1,0,0.000000,False
strip-indent,0.008065,1,0,0.000000,True
@types/http-errors,0.008065,1,0,0.000000,True
@protobufjs/aspromise,0.008065,1,0,0.000000,False
electron-to-chromium,0.008065,1,0,0.000000,True
tagged-tag,0.008065,1,0,0.000000,False
unicode-property-aliases-ecmascript,0.008065,1,0,0.000000,True
tldts,0.008065,1,0,0.000000,False
typedarray,0.008065,1,0,0.000000,False
esprima,0.008065,1,0,0.000000,True
dom-accessibility-api,0.008065,1,0,0.000000,True
create-require,0.008065,1,0,0.000000,True
unpipe,0.008065,1,0,0.000000,True
is-map,0.008065,1,0,0.000000,True
@eslint/js,0.008065,1,0,0.000000,True
is-weakmap,0.008065,1,0,0.000000,True
toidentifier,0.008065,1,0,0.000000,True
index-to-position,0.008065,1,0,0.000000,False
@types/readable-stream,0.008065,1,0,0.000000,False
hookified,0.008065,1,0,0.000000,False
baseline-browser-mapping,0.008065,1,0,0.000000,False
define-lazy-prop,0.008065,1,0,0.000000,True
stdin-discarder,0.008065,1,0,0.000000,False
@humanwhocodes/module-importer,0.008065,1,0,0.000000,True
unicode-match-property-value-ecmascript,0.008065,1,0,0.000000,True
@babel/plugin-bugfix-v8-static-class-fields-redefine-readonly,0.008065,1,0,0.000000,False
co,0.008065,1,0,0.000000,True
cacheable-lookup,0.008065,1,0,0.000000,False
is-negative-zero,0.008065,1,0,0.000000,True
delayed-stream,0.008065,1,0,0.000000,True
node-int64,0.008065,1,0,0.000000,True
common-path-prefix,0.008065,1,0,0.000000,False
dedent,0.008065,1,0,0.000000,True
@asamuzakjp/dom-selector,0.008065,1,0,0.000000,False
depd,0.008065,1,0,0.000000,True
yargs-parser,0.008065,1,0,0.000000,True
ip-address,0.008065,1,0,0.000000,True
@inquirer/core,0.008065,1,0,0.000000,False
mute-stream,0.008065,1,0,0.000000,True
uint8array-extras,0.008065,1,0,0.000000,False
binary-extensions,0.008065,1,0,0.000000,True
@protobufjs/inquire,0.008065,1,0,0.000000,False
@jest/diff-sequences,0.008065,1,0,0.000000,False
follow-redirects,0.008065,1,0,0.000000,True
@sindresorhus/is,0.008065,1,0,0.000000,True
@babel/plugin-transform-class-properties,0.008065,1,0,0.000000,False
token-types,0.008065,1,0,0.000000,False
is-generator-fn,0.008065,1,0,0.000000,True
is-number,0.008065,1,0,0.000000,True
make-error,0.008065,1,0,0.000000,True
safer-buffer,0.008065,1,0,0.000000,True
gensync,0.008065,1,0,0.000000,True
wrap-ansi-cjs,0.008065,1,0,0.000000,False
mime,0.008065,1,0,0.000000,True
detect-newline,0.008065,1,0,0.000000,True
querystringify,0.008065,1,0,0.000000,True
flatted,0.008065,1,0,0.000000,True
supports-preserve-symlinks-flag,0.008065,1,0,0.000000,True
@protobufjs/pool,0.008065,1,0,0.000000,False
@keyv/serialize,0.008065,1,0,0.000000,False
@types/aria-query,0.008065,1,0,0.000000,False
smart-buffer,0.008065,1,0,0.000000,True
is-plain-object,0.008065,1,0,0.000000,True
is-interactive,0.008065,1,0,0.000000,True
@tokenizer/inflate,0.008065,1,0,0.000000,False
node-releases,0.008065,1,0,0.000000,True
@types/jest,0.005714,0,2,0.000000,True
@opentelemetry/resources,0.005714,0,2,0.000000,True
url-parse,0.005714,0,2,0.000000,True
postcss-selector-parser,0.005714,0,2,0.000000,True
tar-fs,0.005714,0,2,0.000000,True
extend-shallow,0.005714,0,2,0.000000,True
@types/eslint,0.005714,0,2,0.000000,True
inflight,0.005714,0,2,0.000000,True
redent,0.005714,0,2,0.000000,True
yauzl,0.005714,0,2,0.000000,True
@floating-ui/dom,0.005714,0,2,0.000000,True
rimraf,0.005714,0,2,0.000000,True
color,0.005714,0,2,0.000000,True
xml2js,0.005714,0,2,0.000000,True
define-property,0.005714,0,2,0.000000,True
@ampproject/remapping,0.005714,0,2,0.000000,True
aggregate-error,0.005714,0,2,0.000000,True
prompts,0.005714,0,2,0.000000,True
find-cache-dir,0.005714,0,2,0.000000,True
@types/react,0.002857,0,1,0.000000,True
react-dom,0.002857,0,1,0.000000,True
@types/graceful-fs,0.002857,0,1,0.000000,True
@types/parse-json,0.002857,0,1,0.000000,True
uri-js,0.002857,0,1,0.000000,True
wcwidth,0.002857,0,1,0.000000,True
dir-glob,0.002857,0,1,0.000000,True
magic-string,0.002857,0,1,0.000000,True
chokidar,0.002857,0,1,0.000000,True
@types/json5,0.002857,0,1,0.000000,True
error-ex,0.002857,0,1,0.000000,True
ast-types,0.002857,0,1,0.000000,True
randombytes,0.002857,0,1,0.000000,True
is-binary-path,0.002857,0,1,0.000000,True
tunnel-agent,0.002857,0,1,0.000000,True
psl,0.002857,0,1,0.000000,True
nopt,0.002857,0,1,0.000000,True
@octokit/types,0.002857,0,1,0.000000,True
through2,0.002857,0,1,0.000000,True
simple-swizzle,0.002857,0,1,0.000000,True
fast-xml-parser,0.002857,0,1,0.000000,True
dot-prop,0.002857,0,1,0.000000,True
@types/uuid,0.002857,0,1,0.000000,True
brace-expansion,0.002857,0,1,0.000000,True
get-tsconfig,0.002857,0,1,0.000000,True
@radix-ui/react-primitive,0.002857,0,1,0.000000,True
@swc/helpers,0.002857,0,1,0.000000,True
@types/ws,0.002857,0,1,0.000000,True
@types/mime,0.002857,0,1,0.000000,True
is-wsl,0.002857,0,1,0.000000,True
lodash,0.000000,0,0,0.000000,True
performance-now,0.000000,0,0,0.000000,True
concat-map,0.000000,0,0,0.000000,True
is-obj,0.000000,0,0,0.000000,True
chai,0.000000,0,0,0.000000,True
core-js,0.000000,0,0,0.000000,True
detect-libc,0.000000,0,0,0.000000,True
dayjs,0.000000,0,0,0.000000,True
require-directory,0.000000,0,0,0.000000,True
ini,0.000000,0,0,0.000000,True
eastasianwidth,0.000000,0,0,0.000000,True
arrify,0.000000,0,0,0.000000,True
destroy,0.000000,0,0,0.000000,True
@rollup/rollup-linux-x64-gnu,0.000000,0,0,0.000000,True
@img/sharp-linuxmusl-x64,0.000000,0,0,0.000000,True
mkdirp,0.000000,0,0,0.000000,True
@types/semver,0.000000,0,0,0.000000,True
kind-of,0.000000,0,0,0.000000,True
no-case,0.000000,0,0,0.000000,True
@unrs/resolver-binding-linux-x64-musl,0.000000,0,0,0.000000,True
astral-regex,0.000000,0,0,0.000000,True
undici,0.000000,0,0,0.000000,True
xtend,0.000000,0,0,0.000000,True
mimic-fn,0.000000,0,0,0.000000,True
loader-utils,0.000000,0,0,0.000000,True
big.js,0.000000,0,0,0.000000,True
tmp,0.000000,0,0,0.000000,True
progress,0.000000,0,0,0.000000,True
exit,0.000000,0,0,0.000000,True
lightningcss-linux-x64-musl,0.000000,0,0,0.000000,True
nwsapi,0.000000,0,0,0.000000,True
dequal,0.000000,0,0,0.000000,True
chardet,0.000000,0,0,0.000000,True
sprintf-js,0.000000,0,0,0.000000,True
is-path-inside,0.000000,0,0,0.000000,True
node-addon-api,0.000000,0,0,0.000000,True
commondir,0.000000,0,0,0.000000,True
map-obj,0.000000,0,0,0.000000,True
regenerator-runtime,0.000000,0,0,0.000000,True
zod,0.000000,0,0,0.000000,True
json-buffer,0.000000,0,0,0.000000,True
pathval,0.000000,0,0,0.000000,True
@esbuild/linux-x64,0.000000,0,0,0.000000,True
node-forge,0.000000,0,0,0.000000,True
object-hash,0.000000,0,0,0.000000,True
json-schema,0.000000,0,0,0.000000,True
core-util-is,0.000000,0,0,0.000000,True
has-flag,0.000000,0,0,0.000000,True
shell-quote,0.000000,0,0,0.000000,True
@types/prop-types,0.000000,0,0,0.000000,True
jsbn,0.000000,0,0,0.000000,True
on-headers,0.000000,0,0,0.000000,True
array-union,0.000000,0,0,0.000000,True
he,0.000000,0,0,0.000000,True
moment,0.000000,0,0,0.000000,True
yaml,0.000000,0,0,0.000000,True
tweetnacl,0.000000,0,0,0.000000,True
bn.js,0.000000,0,0,0.000000,True
normalize-url,0.000000,0,0,0.000000,True
clone,0.000000,0,0,0.000000,True
split2,0.000000,0,0,0.000000,True
meow,0.000000,0,0,0.000000,True
@pkgjs/parseargs,0.000000,0,0,0.000000,True
through,0.000000,0,0,0.000000,True
jiti,0.000000,0,0,0.000000,True
async,0.000000,0,0,0.000000,True
dotenv,0.000000,0,0,0.000000,True
is-typedarray,0.000000,0,0,0.000000,True
fs.realpath,0.000000,0,0,0.000000,True
@types/unist,0.000000,0,0,0.000000,True
eslint-config-prettier,0.000000,0,0,0.000000,True
path-is-absolute,0.000000,0,0,0.000000,True
quick-lru,0.000000,0,0,0.000000,True
text-table,0.000000,0,0,0.000000,True
bluebird,0.000000,0,0,0.000000,True
methods,0.000000,0,0,0.000000,True
utils-merge,0.000000,0,0,0.000000,True
extsprintf,0.000000,0,0,0.000000,True
emoji-regex,0.000000,0,0,0.000000,True
is-buffer,0.000000,0,0,0.000000,True
lines-and-columns,0.000000,0,0,0.000000,True
lodash.memoize,0.000000,0,0,0.000000,True
jest-get-type,0.000000,0,0,0.000000,True
os-tmpdir,0.000000,0,0,0.000000,True
decamelize,0.000000,0,0,0.000000,True
char-regex,0.000000,0,0,0.000000,True
path-exists,0.000000,0,0,0.000000,True
@colors/colors,0.000000,0,0,0.000000,True
cssom,0.000000,0,0,0.000000,True
date-fns,0.000000,0,0,0.000000,True
min-indent,0.000000,0,0,0.000000,True
deep-extend,0.000000,0,0,0.000000,True
asap,0.000000,0,0,0.000000,True
lower-case,0.000000,0,0,0.000000,True
tailwindcss,0.000000,0,0,0.000000,True
is-docker,0.000000,0,0,0.000000,True
immutable,0.000000,0,0,0.000000,True
lilconfig,0.000000,0,0,0.000000,True
react,0.000000,0,0,0.000000,True
uglify-js,0.000000,0,0,0.000000,True
cli-width,0.000000,0,0,0.000000,True
pnpm,0.000000,0,0,0.000000,True
process-nextick-args,0.000000,0,0,0.000000,True
@types/react-dom,0.000000,0,0,0.000000,True
retry,0.000000,0,0,0.000000,True
diff-sequences,0.000000,0,0,0.000000,True
prettier,0.000000,0,0,0.000000,True
jsonc-parser,0.000000,0,0,0.000000,True
@tootallnate/once,0.000000,0,0,0.000000,True
@tailwindcss/oxide-linux-x64-musl,0.000000,0,0,0.000000,True
pify,0.000000,0,0,0.000000,True
pako,0.000000,0,0,0.000000,True
@rollup/rollup-linux-x64-musl,0.000000,0,0,0.000000,True
assert-plus,0.000000,0,0,0.000000,True
abab,0.000000,0,0,0.000000,True
require-main-filename,0.000000,0,0,0.000000,True
ansi-colors,0.000000,0,0,0.000000,True
path-to-regexp,0.000000,0,0,0.000000,True
set-blocking,0.000000,0,0,0.000000,True
typescript,0.000000,0,0,0.000000,True
@dataform/core,0.000000,0,0,0.000000,True
p-try,0.000000,0,0,0.000000,True
array-flatten,0.000000,0,0,0.000000,True
json-stringify-safe,0.000000,0,0,0.000000,True
deep-eql,0.000000,0,0,0.000000,True
resolve.exports,0.000000,0,0,0.000000,True
clsx,0.000000,0,0,0.000000,True
@types/lodash,0.000000,0,0,0.000000,True
wordwrap,0.000000,0,0,0.000000,True
@jridgewell/set-array,0.000000,0,0,0.000000,True
pathe,0.000000,0,0,0.000000,True
